,iata,iaco,airline_name,call_sign,country
0,PR,BOI,2GO,ABAIR,Philippines
1,2T,TBS,Timbis Air,TIMBIS,Kenya
2,3F,FIE,FlyOne Armenia,ARMRIDER,Armenia
3,Q5,MLA,40-Mile Air,MILE-AIR,United States
4,4D,ASD,Air Sinai,AIR SINAI,Egypt
5,4R,SEK,Star East Airline[de;fa;it;pl],EAST RIDER,Romania
6,4O,AIJ,Interjet,ABC AEROLINEAS,Mexico
7,5W,WAZ,Wizz Air Abu Dhabi,WIZZ SKY,United Arab Emirates
8,7B,UBE,Bees Airline,FLOWER BEE,Ukraine
9,BJ,ABJ,Abaete Linhas Aereas,ABAETE,Brazil
10,RL,ABG,Abakan-Avia,ROYAL FLIGHT,Russia
11,W9,AAB,Abelag Aviation,ABG,Belgium
12,M3,TUS,ABSA Cargo,Turismo,Brazil
13,GB,ABX,ABX Air,ABEX,United States
14,ZA,CYD,AccessAir,CYCLONE,United States
15,VX,AES,ACES Colombia,ACES,Colombia
16,KI,DHI,Adam Air,ADAM SKY,Indonesia
17,Z7*,ADK,ADC Airlines,ADCO,Nigeria
18,JP,ADR,Adria Airways,ADRIA,Slovenia
19,AN,WSN,Advanced Air,WINGSPAN,United States
20,A3,AEE,Aegean Airlines,AEGEAN,Greece
21,9D,CND,Aero Continente Dominicana,CONDOMINICANA,Dominican Republic
22,ML,AEK,Aero Costa Rica,ACORISA,Costa Rica
23,DW,UCR,Aero-Charter Ukraine,CHARTER UKRAINE,Ukraine
24,SU,AFL,Aeroflot,AEROFLOT,Russia
25,P3,PLS,Aeroflot-Plus,AEROPLUS,Russia
26,OB,AAT,Austrian Airtransport,AUSTRIAN CHARTER,Austria
27,SM,AAW,Allied Airways,,United Kingdom
28,KJ,AAZ,Asian Air,,Kyrgyzstan
29,YE,ACQ,Aryan Cargo Express,,India
30,VJ,AFF,Africa Airways,AFRIWAYS,Benin
31,QH,FLA,Air Florida,PALM,United States
32,3O,MAC,Air Arabia Maroc,ARABIA MAROC,Morocco
33,HD,ADO,AIRDO,AIR DO,Japan
34,UJ,LMU,AlMasria Universal Airlines,ALMASRIA,Egypt
35,A2,AWG,Animawings,ANIMA WINGS,Romania
36,X9,NVD,Avion Express,NORDVIND,Lithuania
37,3S*,AEN,Aeroland Airways,AEROLAND,Greece
38,JU,ASL,Air Serbia,AIR SERBIA,Serbia
39,QH,LYN,Air Kyrgyzstan,ALTYN AVIA,Kyrgyzstan
40,XK,CCM,Air Corsica,CORSICA,France
41,EI,EIN,Aer Lingus,SHAMROCK,Ireland
42,EG,EUK,Aer Lingus UK,GREEN FLIGHT,United Kingdom
43,A8,XAU,Aerolink Uganda,PEARL,Uganda
44,RV,ROU,Air Canada Rouge,ROUGE,Canada
45,7A,AZY,Aztec Worldwide Airlines,AZTEC WORLD,United States
46,6U,ACX,Air Cargo Germany,LOADMASTER,Germany
47,ZI,AAF,Aigle Azur,AIGLE AZUR,France
48,AE,AE,Air Ceylon,CEYLON,Sri Lanka
49,4K*,AAS,Askari Aviation,AL-ASS,Pakistan
51,Q9,AFU,Afrinat International Airlines,AFRINAT,Gambia
52,KI,AAG,Air Atlantique,ATLANTIC,United Kingdom
53,QB,AAJ,Air Alma,AIR ALMA,Canada
54,LD,AHK,Air Hong Kong,AIR HONG KONG,Hong Kong
55,2Y,ADW,Air Andaman,AIR ANDAMAN,Thailand
56,UX,AEA,Air Europa,EUROPA,Spain
57,IG,AEY,Air Italy,AIR ITALY,Italy
58,NX,AMU,Air Macau,AIR MACAO,Macao
59,6A,AMW,Armenia Airways,ARMENIA,Armenia
60,HM,SEY,Air Seychelles,SEYCHELLES,Seychelles
61,AF,AFR,Air France,AIRFRANS,France
62,SB,ACI,Air Caledonie International,AIRCALIN,France
63,EH,AKX,Air Nippon Network Co. Ltd.,ALFA WING,Japan
64,ED,AXE,AirExplore,GALILEO,Slovakia
65,ZW,AWI,Air Wisconsin,WISCONSIN,United States
66,YI,RSI,Air Sunshine,AIR SUNSHINE,United States
67,GN,AGN,Air Gabon,GOLF NOVEMBER,Gabon
68,9T,RUN,Air ACT,CARGO TURK,Turkey
69,ZB,ABN,Air Albania,AIR ALBANIA,Albania
70,3J,AAQ,Air Alliance,LIAISON,Canada
71,WP,ATW,Air Antwerp,DEVIL,Belgium
72,BX,ABL,Air Busan,AIR BUSAN,South Korea
73,LB,LEP,Air Costa,LECOSTA,India
74,GL,GRL,Air Greenland,GREENLAND,Greenland
75,3S,GUY,Air Guyane Express,GREEN BIRD,French Guiana
76,NQ,AJX,Air Japan,AIR JAPAN,Japan
77,IJ,LIB,Air Liberte,LIBERTE,France
78,TT,KLA,Air Lithuania,KAUNAS,Lithuania
79,QM,AIM,Air Malawi,MALAWI,Malawi
80,L6,AMI,Air Maldives,AIR MALDIVES,Maldives
81,ML,BIE,Air Mediterranee,MEDITERRANEE,France
82,P8,MKG,Air Mekong,MEKONG,Vietnam
83,ZQ,MNE,Air Montenegro,MOUNT EAGLE,Montenegro
84,NZ,ANZ,Air New Zealand,NEW ZEALAND,New Zealand
85,4N,ANT,Air North Charter- Canada,AIR NORTH,Canada
86,YP,APZ,Air Premia,AIR PREMIA,South Korea
88,G8,AGB,Air Service Gabon,,Gabon
89,7T,AGV,Air Glaciers,AIR GLACIERS,Switzerland
90,6V,VGA,Air Vegas,AIR VEGAS,United States
91,NH,ANA,All Nippon Airways,ALL NIPPON,Japan
92,TZ,TWG,air-taxi Europe,TWINGOOSE,Germany
93,2Q,SNC,Air Cargo Carriers,NIGHT CARGO,United States
94,V7,SNG,Air Senegal International,AIR SENEGAL,Senegal
95,AB,BER,Air Berlin,AIR BERLIN,Germany
97,QN,ARR,Air Armenia,AIR ARMENIA,Armenia
98,AI,AIC,Air IndiaLimited,AIRINDIA,India
99,PJ,SPM,Air Saint Pierre,SAINT-PIERRE,France
100,SZ,WOW,Air Southwest,SWALLOW,United Kingdom
101,8C,ATN,Air Transport International,AIR TRANSPORT,United States
102,NF,AVN,Air Vanuatu,AIR VAN,Vanuatu
103,ZB,BUB,Air Bourbon,BOURBON,Reunion
104,CC,ABD,Air Atlanta Icelandic,ATLANTA,Iceland
105,RB,SBK,Air Srpska,Air Srpska,Bosnia and Herzegovina
106,TN,THT,Air Tahiti Nui,TAHITI AIRLINES,France
107,SW,NMB,Air Namibia,NAMIBIA,Namibia
108,AW,AFW,Africa World Airlines,BLACKSTAR,Ghana
109,PE,AEL,Air Europe Italy,AIR EUROPE,Italy
110,JM,AJM,Air Jamaica,JAMAICA,Jamaica
111,6G,AWW,Air Wales,RED DRAGON,United Kingdom
112,TX,FWI,Air Caraibes,FRENCH WEST,France
113,IX,AXB,Air India Express,EXPRESS INDIA,India
114,BT,BTI,Air Baltic,AIRBALTIC,Latvia
115,EL,ANK,Air Nippon,ANK AIR,Japan
116,YW,ANE,Air Nostrum,AIR NOSTRUM,Spain
117,PX,ANG,Air Niugini,NIUGINI,Papua New Guinea
118,G9,ABY,Air Arabia,ARABIA,United Arab Emirates
119,AC,ACA,Air Canada,AIR CANADA,Canada
120,AP,LAV,AlbaStar,ALBASTAR,Spain
121,E9,MHS,Air Memphis,AIR MEMPHIS,Egypt
122,XT,AXL,Air Exel,EXEL COMMUTER,Netherlands
123,UM,AZW,Air Zimbabwe,AIR ZIMBABWE,Zimbabwe
124,S2,RSH,Air Sahara,SAHARA,India
125,TC,ATC,Air Tanzania,TANZANIA,Tanzania
126,2J,VBW,Air Burkina,BURKINA,Burkina Faso
127,KM,AMC,Air Malta,AIR MALTA,Malta
128,YT,TGA,Air Togo,AIR TOGO,Togo
129,G4,AAY,Allegiant Air,ALLEGIANT,United States
130,O4,ABV,Antrak Air,ANTRAK,Ghana
132,8T,TID,Air Tindi,TINDI,Canada
133,3L,ADY,Air Arabia Abu Dhabi,Nawras[6][7],United Arab Emirates
134,EM*,AEB,Aero Benin,AEROBEN,Benin
136,AX,AAC,AmericanConnection[8],CONNECT AMERICA,United States
137,AN,AAA,Ansett Australia,ANSETT,Australia
138,5W,AEU,Astraeus,FLYSTAR,United Kingdom
139,VV,AEW,Aerosvit Airlines,AEROSVIT,Ukraine
140,WK,AFB,American Falcon,AMERICAN FALCON,Argentina
141,QQ,UTY,Alliance Airlines,UNITY,Australia
142,FG,AFG,Ariana Afghan Airlines,ARIANA,Afghanistan
143,RV*,AFI,Africaone,AFRICAWORLD,The Gambia
144,Y2,AFJ,Alliance Air,JAMBO,Uganda
145,5Z,AFX,Airfreight Express,,United Kingdom
146,5D,SLI,Aeromexico Connect,COSTERA,Mexico
147,1A,AGT,Amadeus IT Group,AMADEUS,Spain
148,JJ,AGX,Aviogenex,GENEX,Serbia
149,PL,PLI,Aeroperu,Aeroperu,Peru
150,8A,BMM,Atlas Blue,ATLAS BLUE,Morocco
151,GD,AHA,Air Alpha Greenland,AIR ALPHA,Denmark
152,HT,AHW,Aeromist-Kharkiv,AEROMIST,Ukraine
153,J2,AHY,Azerbaijan Airlines,AZAL,Azerbaijan
154,U3,AIA,Avies,AVIES,Estonia
155,4Y,AIB,Airbus Industrie,AIRBUS INDUSTRIE,France
156,KJ,AIH,Air Incheon,AIR INCHEON,South Korea
157,RS,ASV,Air Seoul,AIR SEOUL,South Korea
158,5A,AIP,Alpine Air Express,ALPINE AIR,United States
159,ED*,ABQ,Airblue,PAKBLUE,Pakistan
160,W4,BES,Aero Services Executive,BIRD EXPRESS,France
161,IZ,AIZ,Arkia Israel Airlines,ARKIA,Israel
162,M6,AJT,Amerijet International,AMERIJET,United States
163,4A,AKL,Air Kiribati,KIRIBATI,Kiribati
164,EV,ASQ,Atlantic Southeast Airlines,ACEY,United States
165,HP,AWE,America West Airlines,CACTUS,United States
166,6R,TNO,Aerotransporte de Carga Union,AEROUNION,Mexico
167,VH,ALV,Aeropostal Alas de Venezuela,AEROPOSTAL,Venezuela
168,DP,AMM,Air 2000,JETSET,United Kingdom
169,TZ,AMT,ATA Airlines,AMTRAN,United States
170,YJ,AMV,AMC Airlines,AMC AIRLINES,Egypt
171,AM,AMX,Aeromexico,AEROMEXICO,Mexico
172,TL,ANO,Airnorth,TOPEND,Australia
173,OY,ANS,Andes Lineas Aereas,AEROANDES,Argentina
174,IW,AOM,AOM French Airlines,French Lines,France
175,J6,AOC,AVCOM,AERO AVCOM,Russia
176,2D,AOG,Aero VIP,AVIP,Argentina
177,VB,VIV,Aeroenlaces Nacionales,AEROENLACES,Mexico
178,OE,AOT,Asia Overnight Express,ASIA OVERNIGHT,Philippines
179,GV,ARF,Aero Flight,Aero Fox,Germany
180,JW,APW,Arrow Air,BIG A,United States
181,2B,AWT,Albawings,ALBAWINGS,Albania
182,4C,ARE,"Aires, Aerovias de Integracion Regional, S.A.",AIRES,Colombia
183,AR,ARG,Aerolineas Argentinas,ARGENTINA,Argentina
184,AS,ASA,"Alaska Airlines, Inc.",ALASKA,United States
185,PL,ASE,Airstars,MOROZOV,Russia
186,OB,ASZ,Astrakhan Airlines,AIR ASTRAKHAN,Russia
187,HC,ATI,Aero-Tropics Air Services,AEROTROPICS,Australia
188,FO,ATM,Airlines of Tasmania,AIRTAS,Australia
189,OS,AUA,Austrian Airlines,AUSTRIAN,Austria
190,IQ,AUB,Augsburg Airways,AUGSBURG-AIR,Germany
191,RU,ABW,AirBridge Cargo,AIRBRIDGE CARGO,Russia
192,GR,AUR,Aurigny Air Services,AYLINE,United Kingdom
193,NO,AUS,Aus-Air,AUS-AIR,Australia
194,AU,AUT,Austral Lineas Aereas,AUSTRAL,Argentina
195,K8,ZAK,Airlink Zambia,,Zambia
196,4Y,BGA,Airbus Transport International,BELUGA,France
197,B9,BGD,Air Bangladesh,AIR BANGLA,Bangladesh
198,AK,AXM,AirAsia,RED CAP,Malaysia
199,D7,XAX,AirAsia X,XANADU,Malaysia
200,DJ,WAJ,AirAsia Japan,WING ASIA,Japan
201,I5,IAD,AirAsia India,ARIYA,India
202,6V,AXY,Axis Airways,AXIS,France
203,EX,BJK,Atlantic Airlines,BLACKJACK,United States
204,3G,AYZ,Atlant-Soyuz Airlines,ATLANT-SOYUZ,Russia
205,AZ,AZA,Alitalia,ALITALIA,Italy
206,ZE,AZE,Arcus-Air Logistic,ARCUS AIR,Germany
207,A2,AZI,Astra Airlines,ASTRA,Greece
208,R7,OCA,Aserca Airlines,AROSCA,Venezuela
209,RX,AEH,Aviaexpress,AVEX,Hungary
210,MQ,EGF,American Eagle Airlines,EAGLE FLIGHT,United States
212,ML,ETC,African Transport Trading and Investment Company,TRANATTICO,Sudan
213,WI,WIL,Aero Air,WILLIAMETTE,United States
214,VU,VUN,Air Ivoire,AIRIVOIRE,Ivory Coast
215,BP,BOT,Air Botswana,BOTSWANA,Botswana
216,GS,UPA,Air Foyle,FOYLE,United Kingdom
217,VT,VTA,Air Tahiti,AIR TAHITI,French Polynesia
218,3N,URG,Air Urga,URGA,Ukraine
219,VL,VIM,Air VIA,CRYSTAL,Bulgaria
220,FK,WTA,Africa West,WEST TOGO,Togo
221,G2,VXG,Avirex,AVIREX-GABON,Gabon
222,V8,VAS,ATRAN Cargo Airlines,ATRAN,Russian Federation
223,K6,KHV,Angkor Air,AIR ANGKOR,Cambodia
224,CA,CCA,Air China,AIR CHINA,China
225,Q6,CDP,Aero Condor Peru,CONDOR-PERU,Peru
226,5F,CIR,Arctic Circle Air Service,AIR ARCTIC,United States
227,QC,CRD,Air Corridor,AIR CORRIDOR,Mozambique
228,NV,CRF,Air Central,AIR CENTRAL,Japan
229,CV,CVA,Air Chathams,CHATHAM,New Zealand
230,CW,CWM,Air Marshall Islands,AIR MARSHALLS,Marshall Islands
231,AH,DAH,Air Algerie,AIR ALGERIE,Algeria
232,ER,DHL,Astar Air Cargo,D-H-L,United States
233,EN,DLA,Air Dolomiti,DOLOMITI,Italy
234,NM,DRD,Air Madrid,ALADA AIR,Spain
235,6R,DRU,Alrosa Air Company,MIRNY,Russia
236,EE,EAY,Aero Airlines,REVAL,Estonia
237,4F,ECE,Air City,AIRCITY,Germany
238,E8,ELG,Alpi Eagles,ALPI EAGLES,Italy
239,RF,EOK,Aero K,AEROHANKUK,South Korea
240,KY,EQL,Air Sao Tome and Principe,EQUATORIAL,Sao Tome and Principe
241,E2/E6,EWE/EWL,Eurowings Europe,EUROPWINGS BLACK PEARL,Austria
242,PC,FAJ,Air Fiji,FIJIAIR,Fiji
243,JH,FDA,Fuji Dream Airlines,FUJI DREAM,Japan
244,OF,FIF,Air Finland,AIR FINLAND,Finland
245,FJ,FJI,Fiji Airways,PACIFIC,Fiji
246,RC,FLI,Atlantic Airways,FAROELINE,Faroe Islands
247,QH,FLZ,Aero Leasing,AIR FLORIDA,United States
248,NY,FXI,Air Iceland,FAXI,Iceland
249,2P,GAP,Air Philippines,ORIENT PACIFIC,Philippines
250,ZX,GGN,Air Georgian,GEORGIAN,Canada
251,2U,GIP,Air Guinee Express,FUTURE EXPRESS,Guinea
252,0A,GNT,Amber Air,GINTA,Lithuania
253,DA,GRG,Air Georgia,AIR GEORGIA,Georgia
254,LL,GRO,Allegro,ALLEGRO,Mexico
255,5Y,GTI,Atlas Air,GIANT,United States
257,H9,HAD,Air d'Ayiti,HAITI AVIA,Haiti
258,GG,HAH,Air Comores International,AIR COMORES,Comoros
259,HD,HLN,Air Holland,ORANGE,Netherlands
260,8C,HZT,Air Horizon,HORIZON TOGO,Togo
261,W9,JAB,Air Bagan,AIR BAGAN,Myanmar
262,IP,JOL,Atyrau Air Ways,EDIL,Kazakhstan
263,QK,JZA,Air Canada Jazz,JAZZ,Canada
264,KK,KKK,Atlasjet,ATLASJET,Turkey
265,JS,KOR,Air Koryo,AIR KORYO,Democratic People's Republic of Korea
266,KC,KZR,Air Astana,ASTANALINE,Kazakhstan
267,LV,LBC,Albanian Airlines,ALBANIAN,Albania
268,3S,BOX,Aerologic,GERMAN CARGO,Germany
269,QP,AKJ,Akasa Air,AKASA AIR,India
270,H7,LFA,Air Alfa,AIR ALFA,Turkey
271,D4,LID,Alidaunia,ALIDA,Italy
272,9I,LLR,Air India Regional,ALLIED,India
273,XL,LNE,Aerolane,AEROLANE,Ecuador
274,4Z,LNK,Airlink,LINK,South Africa
275,FL,LPA,Air Leap,LEAP,Sweden
276,A6,LPV,Air Alps Aviation,ALPAV,Austria
277,TD,LUR,Atlantis European Airways,ATLANTIS,Armenia
278,L8,LXG,Air Luxor GB,LUXOR GOLF,Guinea-Bissau
279,LK,LXR,Air Luxor,AIRLUXOR,Portugal
280,MK,MAU,Air Mauritius,AIRMAURITIUS,Mauritius
281,MD,MDG,Air Madagascar,AIR MADAGASCAR,Madagascar
282,9U,MLD,Air Moldova,AIR MOLDOVA,Moldova
283,L9,MLI,Air Mali,AIR MALI,Mali
284,A7,MPD,Air Plus Comet,RED COMET,Spain
285,QO,MPX,Aeromexpress,AEROMEXPRESS,Mexico
286,MR,MRT,Air Mauritanie,MIKE ROMEO,Mauritania
287,F4,NBK,Albarka Air,AL-AIR,Nigeria
288,AJ,NIG,Aero Contractors,AEROLINE,Nigeria
289,8Y,PBU,Air Burundi,AIR-BURUNDI,Burundi
290,OT,PEL,Aeropelican Air Services,PELICAN,Australia
291,AD,PRZ,Air Paradise International,RADISAIR,Indonesia
292,QD,QCL,Air Class Lineas Aereas,ACLA,Uruguay
293,QS,QSC,African Safari Airways,ZEBRA,Kenya
294,4Y,RBU,Airbus France,AIRBUS FRANCE,France
295,AG,ARU,Aruba Airlines,ARUBA,Aruba
296,MC,RCH,Air Mobility Command,REACH,United States
297,RE,REA,Aer Arann,AER ARANN,Ireland
298,UU,REU,Air Austral,REUNION,France
299,ZP,AZP,Amaszonas Paraguay,GUARANI,Paraguay
300,6K,RIT,Asian Spirit,ASIAN SPIRIT,Philippines
301,A5,RLA,Airlinair,AIRLINAIR,France
302,NZ,RLK,Air Nelson,NELSON,New Zealand
303,QL,RLN,Aero Lanka,AERO LANKA,Sri Lanka
304,R3,RME,Armenian Airlines,ARMENIAN,Armenia
305,MV,RML,Air Mediterranean,HELLASMED,Greece
306,2O,RNE,Air Salone,AIR SALONE,Sierra Leone
307,U8,RNV,Armavia,ARMAVIA,Armenia
308,BQ,ROM,Aeromar Lineas Aereas Dominicanas,BRAVO QUEBEC,Dominican Republic
309,P5,RPB,AeroRepublica,AEROREPUBLICA,Colombia
310,E4,RSO,Aero Asia International,AERO ASIA,Pakistan
311,BF,RSR,Aero-Service,CONGOSERV,Republic of the Congo
312,5L,RSU,AeroSur,AEROSUR,Bolivia
313,EX,SDO,Air Santo Domingo,AERO DOMINGO,Dominican Republic
314,JR,SER,Aero California,AEROCALIFORNIA,Mexico
315,Z3,SMJ,Avient Aviation,AVAVIA,Zimbabwe
316,M3,SPJ,Air Service,AIR SKOPJE,Macedonia
317,8D*,SUW,Astair,,Russian Federation
318,GM,SVK,Air Slovakia,SLOVAKIA,Slovakia
319,R3,SYL,Aircompany Yakutia,AIR YAKUTIA,Russia
320,HC,SZN,Air Senegal,AIR SENEGAL,Senegal
321,VW,TAO,Aeromar,TRANS-AEROMAR,Mexico
322,JY,TCI,Air Turks and Caicos,KERRMONT,Turks and Caicos Islands
323,CG,TOK,Airlines PNG,BALUS,Papua New Guinea
324,TY,TPC,Air Caledonie,AIRCAL,France
325,FL,TRS,AirTran Airways,CITRUS,United States
326,TS,TSC,Air Transat,AIR TRANSAT,Canada
327,EC,TWN,Avialeasing Aviation Company,TWINARROW,Uzbekistan
328,U7,UGA,Air Uganda,UGANDA,Uganda
329,6U,UKR,Air Ukraine,AIR UKRAINE,Ukraine
330,KO,AER,Alaska Central Express,ACE AIR,United States
331,KH,AAH,Aloha Air Cargo,ALOHA,United States
333,AA,AAL,American Airlines,AMERICAN,United States
334,WD*,AAN,Amsterdam Airlines,AMSTEL,Netherlands
335,HO,DJA,Antinea Airlines,ANTINEA,Algeria
336,OZ,AAR,Asiana Airlines,ASIANA,South Korea
337,AG,ABR,ASL Airlines Ireland,CONTRACT,Ireland
338,8V,ACP,Astral Aviation,ASTRAL CARGO,Kenya
339,XM,XME,Australian airExpress,AUS-CARGO,Australia
340,AO,AUZ,Australian Airlines,AUSTRALIAN,Australia
341,XP,VXP,Avelo Airlines,AVELO,United States
342,VE,AVE,Avensa,AVENSA,Venezuela
343,6A,CHP,Aviacsa,AVIACSA,Mexico
344,AV,AVA,Avianca,AVIANCA,Colombia
345,A0,MCJ,Avianca Argentina,JETMAC,Argentina
346,O6,ONE,Avianca Brasil,OCEAN AIR,Brazil
347,2K,GLG,Avianca Ecuador,GALAPAGOS,Ecuador
348,V5,VLI,Avolar Aerolineas,AEROVOLAR,Mexico
349,AD,AZU,Azul Linhas Aereas Brasileiras,Azul,Brazil
350,CJ,CFE,BA CityFlyer,FLYER,United Kingdom
351,TH,BRT,BA Connect,BRITISH,United Kingdom
352,B4,BCF,BACH Flugbetriebsges,BACH,Austria
353,J4,BDR,Badr Airlines,BADR AIR,Sudan
354,UP,BHS,Bahamasair,BAHAMAS,Bahamas
355,8Q*,BAJ,Baker Aviation,RODEO,United States
356,V9,BTC,BAL Bashkirian Airlines,BASHKIRIAN,Russia
357,LZ,LAZ,Balkan Bulgarian Airlines,BALKAN,Bulgaria
358,BQ,BTL,Baltia Air Lines,BALTIA,United States
359,QH,BAV,Bamboo Airways,BAMBOO,Vietnam
360,QO,AJC,Bar Harbor Airlines,BAR HARBOR,United States
361,L9,BAL,Belle Air Europe,BELLEAIR EUROPE,Italy
362,BA,BAW,British Airways,SPEEDBIRD,United Kingdom
363,BG,BBC,Biman Bangladesh Airlines,BANGLADESH,Bangladesh
364,BO,BBD,Bluebird Nordic,BLUE CARGO,Iceland
365,BO,BBW,BB Airways,BEEBEE AIRWAYS,Nepal
366,SI,BCI,Blue Islands,BLUE ISLAND,United Kingdom
367,EO,BCL,British Caribbean Airways,,United Kingdom
368,WX,BCY,CityJet,CITY JET,Ireland
369,BZ,BDA,Blue Dart Aviation,BLUE DART,India
370,JA,BON,B&H Airlines,Air Bosna,Bosnia and Herzegovina
371,J4,BFL,Buffalo Airways,BUFFALO,Canada
372,8H,BGH,BH Air,BALKAN HOLIDAYS,Bulgaria
373,A8,BGL,Benin Golf Air,BENIN GOLF,Benin
374,U4,BHA,Buddha Air,BUDDHA AIR,Nepal
375,UH,BHL,Bristow Helicopters,BRISTOW,United Kingdom
376,4T,BHP,Belair Airlines,BELAIR,Switzerland
377,BS,BIH,British International Helicopters,BRINTEL,United Kingdom
378,B4,BKA,Bankair,BANKAIR,United States
379,PG,BKP,Bangkok Airways,BANGKOK AIR,Thailand
380,KF,BLF,Blue1,BLUEFIN,Finland
381,JV,BLS,Bearskin Lake Air Service,BEARSKIN,Canada
382,B3,BLV,Bellview Airlines,BELLVIEW AIRLINES,Nigeria
383,BD,BMA,BMI,MIDLAND,United Kingdom
384,BM,BMR,BMI Regional,MIDLAND,United Kingdom
385,WW,BMI,Bmibaby,BABY,United Kingdom
386,CH,BMJ,Bemidji Airlines,BEMIDJI,United States
387,5Z,BML,Bismillah Airlines,BISMILLAH,Bangladesh
388,BN,BNF,Braniff International Airways,Braniff,United States
389,AB,BNZ,Bonza,BONZA,Australia
390,BO,BOU,Bouraq Indonesia Airlines,BOURAQ,Indonesia
391,BV,BPA,Blue Panorama Airlines,BLUE PANOROMA,Italy
392,7R,BRB,BRA-Transportes Aereos,BRA-TRANSPAEREOS,Brazil
393,8E,BRG,Bering Air,BERING AIR,United States
395,B2,BRU,BelaviaBelarusian Airlines,BELARUS AVIA,Belarus
396,GQ,BSY,Big Sky Airlines,BIG SKY,United States
397,ID,BTK,Batik Air,BATIK,Indonesia
398,4B,BTQ,Boutique Air,BOUTIQUE,United States
399,Y6,BTV,Batavia Air,BATAVIA,Indonesia
400,L9,BTZ,Bristow U.S. LLC,BRISTOW,United States
401,1T,BUC,Bulgarian Air Charter,BULGARIAN CHARTER,Bulgaria
402,BU,BUN,Buryat Airlines Aircompany,BURAL,Russia
403,J8,BVT,Berjaya Air,BERJAYA,Malaysia
404,B3,BVU,"Bellview Airlines, Sierra Leone",BELLVIEW AIRLINES,Sierra Leone
405,QW,BWG,Blue Wings,BLUE WINGS,Germany
406,SN,BXI,Brussels Airlines,XENIA,Belgium
407,DB,BZH,Brit Air,BRITAIR,France
408,JD,CBJ,Beijing Capital Airlines,CAPITAL JET,China
409,E9,CXS,Boston-Maine Airways,CLIPPER CONNECTION,United States
410,SN,BEL,Brussels Airlines,BEE-LINE,Belgium
411,NT,IBB,Binter Canarias,BINTER,Spain
412,0B,BLA,Blue Air,BLUE AIR,Romania
413,KJ,LAJ,British Mediterranean Airways,BEE MED,United Kingdom
414,FB,LZB,Bulgaria Air,FLYING BULGARIA,Bulgaria
415,8N,NKF,Barents AirLink,NORDFLIGHT,Sweden
416,OB,BOV,Boliviana de Aviacion,BOLIVIANA,Bolivia
417,YB,BRJ,Borajet,BORA JET,Turkey
418,MX,MXY,Breeze Airways,MOXY,United States
419,VL,LHX,City Airlines,CITYAIR,Germany
420,4A,DYN,California Pacific Airlines,AERODYNAMICS,United States
421,QC,CRC,Camair-Co,CAMAIRCO,Cameroon
422,KR,KME,Cambodia Airways,GIANT IBIS,Cambodia
423,5C,ICL,Challenge Airlines IL,CAL,Israel
424,AW,SCH,CHC Airways,SCHREINER,Netherlands
425,3C,CMV,Calima Aviacion,CALIMA,Spain
426,MO,CAV,Calm Air,CALM AIR,Canada
427,R9,CAM,Camai Air,AIR CAMAI,United States
429,UY,UYC,Cameroon Airlines,CAM-AIR,Cameroon
430,C6,CJA,CanJet,CANJET,Canada
431,CP,CDN,Canadian Airlines,CANADIAN,Canada
432,7F,AKT,Canadian North,ARCTIC,Canada
433,CP,CPC,Canadian Pacific Airlines,EMPRESS,Canada
434,W2,CWA,Canadian Western Airlines,CANADIAN WESTERN,Canada
435,9K,KAP,Cape Air,CAIR,United States
436,PT,CCI,Capital Cargo International Airlines,CAPPY,United States
437,GG,GGC,Cargo 360,LONG-HAUL,United States
438,P3,CLU,Cargo Logic Air,FIREBIRD,United Kingdom
439,2G,CRG,Cargoitalia,WHITE PELICAN,Italy
440,W8,CJT,Cargojet Airways,CARGOJET,Canada
441,CV,CLX,Cargolux,CARGOLUX,Luxembourg
442,C8,ICV,Cargolux Italia,CARGO MED,Italy
443,BW,BWA,Caribbean Airlines,CARIBBEAN,Trinidad and Tobago
444,8B,GFI,Caribbean Star Airlines,CARIB STAR,Antigua and Barbuda
445,V3,KRP,Carpatair,CARPATAIR,Romania
446,RV,CPN,Caspian Airlines,CASPIAN,Iran
447,KA,HDA,Cathay Dragon,DRAGON,Hong Kong
448,CX,CPA,Cathay Pacific,CATHAY,Hong Kong
449,KX,CAY,Cayman Airways,CAYMAN,Cayman Islands
450,5J,CEB,Cebu Pacific,CEBU,Philippines
451,2C,CMA,CMA-CGM AIRCARGO,FRENCH CARGO,France
452,9M,GLR,Central Mountain Air,GLACIER,Canada
453,J7,CVC,Centre-Avia,AVIACENTRE,Russia
454,WE,CWC,Centurion Air Cargo,CHALLENGE CARGO,United States
455,GM,GSW,Chair Airlines,EIGER,Switzerland
456,OP,CHK,Chalk's International Airlines,CHALKS,United States
457,MG,CCP,Champion Air,CHAMPION AIR,United States
458,2Z,CGN,Chang An Airlines,CHANGAN,China
459,S8,CSU,Chari Aviation Services,CHARI SERVICE,Chad
460,RP*,CHQ,Chautauqua Airlines,CHAUTAUQUA,United States
461,C8,WDY,Chicago Jet Group,WINDY CITY,United States
462,CI,CAL,China Airlines,DYNASTY,Taiwan
463,CK,CKK,China Cargo Airlines,CARGO KING,China
464,MU,CES,China Eastern Airlines,CHINA EASTERN,China
465,G5,HXA,China Express Airlines,CHINA EXPRESS,China
466,CJ,CBF,China Northern Airlines,CHINA NORTHERN,China
467,WH,CNW,China Northwest Airlines,CHINA NORTHWEST,China
468,8Y,CYZ,China Postal Airlines,CHINA POST,China
469,CZ,CSN,China Southern Airlines,CHINA SOUTHERN,China
470,KN,CUA,China United Airlines,LIANHANG,China
471,XO,CXH,China Xinhua Airlines,XINHUA,China
472,3Q,CYH,China Yunnan Airlines,YUNNAN,China
473,X7,CHF,Chitaavia,CHITA,Russia
474,OQ,CQN,Chongqing Airlines,CHONG QING,China
475,A2,CIU,Cielos Airlines,CIELOS,Peru
476,QI,CIM,Cimber Sterling,CIMBER,Denmark
477,C7,CIN,Cinnamon Air,CINNAMON,Sri Lanka
478,C9,RUS,Cirrus Airlines,CIRRUS AIR,Germany
479,G3,CIX,City Connexion Airlines,CONNEXION,Burundi
482,CT,CAT,Civil Air Transport,Mandarin,Taiwan
483,6P,ISG,Club Air,CLUBAIR,Italy
484,BX,CST,Coast Air,COAST CENTER,Norway
485,9L,CJC,Colgan Air,COLGAN,United States
487,OH,COM,Comair,COMAIR,United States
488,MN,CAW,Comair,COMMERCIAL,South Africa
489,C5,UCA,CommutAir,COMMUTAIR,United States
490,KR,CWK,Comores Airlines,CONTICOM,Comoros
491,CP,CPZ,Compass Airlines,COMPASS ROSE,United States
492,DE,CFG,Condor Flugdienst,CONDOR,Germany
493,CO,COA,Continental Airlines,CONTINENTAL,United States
494,CS,CMI,Continental Micronesia,AIR MIKE,United States
495,CS,CS,Cambrian Airways,Cambrian,United Kingdom
496,V0,VCV,Conviasa,CONVIASA,Venezuela
497,CM,CMP,Copa Airlines,COPA,Panama
498,CQ,CCW,Central Charter,CENTRAL CHARTER,Czech Republic
499,XC,CAI,Corendon Airlines,CORENDON,Turkey
501,LF,VTE,Contour Airlines,VOLUNTEER,United States
502,SS,CRL,Corsairfly,CORSAIR,France
504,F5,COZ,Cosmic Air,COSMIC AIR,Nepal
506,7C,COY,Coyne Aviation,COYNE AIR,United Kingdom
507,OU,CTN,Croatia Airlines,CROATIA,Croatia
508,QE,ECC,Crossair Europe,Cigogne,Switzerland
509,CU,CUB,Cubana de Aviacion,CUBANA,Cuba
510,CY,CYP,Cyprus Airways,CYPRUS,Cyprus
511,YK,KYV,Cyprus Turkish Airlines,AIRKIBRIS,Turkey
512,OK,CSA,Czech Airlines,CSA-LINES,Czech Republic
513,8L,CGP,Cargo Plus Aviation,,United Arab Emirates
514,5Z,KEM,CemAir,CEMAIR,South Africa
515,XG,CLI,Clickair,CLICKJET,Spain
516,PN,CHB,West Air (China),WEST CHINA,China
517,V5,VPA,DanubeWings,VIP TAXI,Slovakia
518,WD,DSR,DAS Air Cargo,DAIRAIR,Uganda
519,DX,DTR,DAT Danish Air Transport,DANISH,Denmark
520,D0,DHK,DHL Air Limited,WORLD EXPRESS,United Kingdom
521,ES,DHX,DHL International,DILMUN,Bahrain
522,L3,JOS,DHL de Guatemala,,Guatemala
523,D3,DAO,Daallo Airlines,DALO AIRLINES,Djibouti
524,N2,DAG,Dagestan Airlines,DAGAL,Russia
525,H8,KHB,Dalavia,DALAVIA,Russia
526,DD,DDL,Danish Air Lines,,Denmark
527,0D,DWT,Darwin Airline,DARWIN,Switzerland
528,D5,DAU,Dauair,DAUAIR,Germany
529,DL,DAL,Delta Air Lines,DELTA,United States
530,J7,DNM,Denim Air,DENIM,Netherlands
531,1I,AMB,Deutsche Rettungsflugwacht,CIVIL AIR AMBULANCE,Germany
532,AW,DIR,Dirgantara Air Service,DIRGANTARA,Indonesia
533,DH,DVA,Discovery Airways,DISCOVERY AIRWAYS,United States
534,Z6,UDN,Dniproavia,DNIEPRO,Ukraine
535,YU,ADM,Dominair,DOMINAIR,Dominican Republic
536,DO,DOA,Dominicana de Aviacion,DOMINICANA,Dominican Republic
537,E3,DMO,Domodedovo Airlines,DOMODEDOVO,Russia
538,D9,DNV,Donavia,DONAVIA,Russia
539,5D,UDC,DonbassAero,DONBASS AERO,Ukraine
540,KB,DRK,Druk Air,ROYAL BHUTAN,Bhutan
541,DI,BAG,Dba,SPEEDWAY,Germany
542,MQ,ENY,Envoy Air,ENVOY,United States
543,EL,ELB,Ellinair,ELLINAIR HELLAS,Greece
544,9E,EDV,Endeavor Air,ENDEAVOR,United States
545,VE,EUJ,EUjet,UNION JET,Ireland
546,H7,EGU,Eagle Air,AFRICAN EAGLE,Uganda
547,NZ,EAG,Eagle Airways,EAGLE,New Zealand
548,9A,EZX,Eagle Express Air Charter,EAGLEXPRESS,Malaysia
549,S9,HSA,East African Safari Air,DUMA,Kenya
550,ZE,ESR,Eastar Jet,EASTAR,South Korea
551,EA,EAL,Eastern Air Lines,EASTERN,United States
552,T3,EZE,Eastern Airways,EASTFLIGHT,United Kingdom
553,QF,EAQ,Eastern Australia Airlines,EASTERN,Australia
554,DK,ELA,Eastland Air,,Australia
555,W9,SGR,Eastwind Airlines,STINGER,United States
556,EC,EJU,easyJet Europe,ALPINE,Austria
557,DS,EZS,easyJet Switzerland,TOPSWISS,Switzerland
558,U2,EZY,easyJet UK,EASY,United Kingdom
559,WK,EDW,Edelweiss Air,EDELWEISS,Switzerland
560,MS,MSR,Egyptair,EGYPTAIR,Egypt
561,LY,ELY,El Al Israel Airlines,ELAL,Israel
562,UZ,BRQ,El-Buraq Air Transport,BURAQAIR,Libya
563,EA,EAI,Emerald Airlines,GEMSTONE,Ireland
564,EK,UAE,Emirates Airlines,EMIRATES,United Arab Emirates
565,EM,CFS,Empire Airlines,EMPIRE AIR,United States
566,EU,EEA,Empresa Ecuatoriana De Aviacion,ECUATORIANA,Ecuador
567,G8,ENK,EnkorJSC,ENKOR,Russia
568,OF,ENT,Enter Air,ENTER,Poland
569,E0,ESS,Eos Airlines,NEW DAWN,United States
570,B8,ERT,Eritrean Airlines,ERITREAN,Eritrea
571,E7,ESF,Estafeta Carga Aerea,,Mexico
572,OV,ELL,Estonian Air,ESTONIAN,Estonia
573,ET,ETH,Ethiopian Airlines,ETHIOPIAN,Ethiopia
574,EY,ETD,Etihad Airways,ETIHAD,United Arab Emirates
575,MM,MMZ,EuroAtlantic Airways,EUROATLANTIC,Portugal
576,UI,ECA,Eurocypria Airlines,EUROCYPRIA,Cyprus
577,GJ,EEZ,Eurofly,E-FLY,Italy
578,K2,ELO,Eurolot,EUROLOT,Poland
579,3W,EMX,Euromanx Airways,EUROMANX,Austria
580,5O,FPO,Europe Airpost,FRENCH POST,France
582,QY,BCS,European Air Transport,POSTMAN,Belgium
583,E7,EAF,European Aviation Air Charter,EUROCHARTER,United Kingdom
584,EW,EWG,Eurowings,EUROWINGS,Germany
585,4Y,OCN,Eurowings Discover,OCEAN,Germany
586,E6,EWL,Eurowings Europe,Black Pearl,Malta
587,BR,EVA,EVA Air,EVA,Taiwan
588,EZ,EIA,Evergreen International Airlines,EVERGREEN,United States
589,ZD,EWR,Ewa Air,MAYOTTE AIR,France
590,JN,XLA,Excel Airways,EXPO,United Kingdom
591,MB,EXA,Execair Aviation,CANADIAN EXECAIRE,Canada
592,OW,EXK,Executive Airlines,EXECUTIVE EAGLE,United States
593,EO,LHN,Express One International,LONGHORN,United States
595,8K,EVS,Exploits Valley Air Services,EVAS,Canada
596,FE,FEA,Far Eastern Air Transport,Far Eastern,Taiwan
597,F6,RCK,FaroeJet,ROCKROSE,Faroe Islands
598,F3,FSW,Faso Airways,FASO,Burkina Faso
599,FX,FDX,FedEx Express,FEDEX,United States
600,N8,HGK,Fika Salaama Airlines,SALAAMA,Uganda
601,4S,FNC,Finalair Congo,FINALAIR CONGO,Republic of the Congo
602,AY,FIN,Finnair,FINNAIR,Finland
603,FC,WBA,Finncomm Airlines,WESTBIRD,Finland
604,FY,FFM,Firefly,FIREFLY,Malaysia
605,7F,FAB,First Air,FIRST AIR,Canada
606,DP,FCA,First Choice Airways,JETSET,United Kingdom
607,8F,FFR,Fischer Air,FISCHER,Czech Republic
608,8D,EXV,FitsAir,EXPOAVIA,Sri Lanka
609,F8,FLE,Flair Airlines,FLAIR,Canada
610,B5,FLT,Flightline,FLIGHTLINE,United Kingdom
611,PA,FCL,Florida Coastal Airlines,FLORIDA COASTAL,United States
612,RF,FWL,Florida West International Airways,FLO WEST,United States
613,F2,FLM,Fly Air,FLY WORLD,Turkey
614,8W,EDR,Fly All Ways,BIRDVIEW,Suriname
615,G6,ACY,Fly Arna,ARNA,Armenia
616,9Y,FGE,Fly Georgia,GEORGIA WING,Georgia
617,OJ,FJM,Fly Jamaica Airways,GREENHEART,Jamaica
618,9P,FJL,Fly Jinnah,Okaab,Pakistan
619,SH,FLY,Fly Me Sweden,FLYBIRD,Sweden
620,FP,PVV[27][28],Fly Pro,Sunday,Moldova
622,F6,VAW,Fly2Sky,SOFIA JET,Bulgaria
623,D7,XFA,FlyAsianXpress,FAX AIR,Malaysia
624,F7,BBO,Flybaboo,BABOO,Switzerland
625,BE,BEE,Flybe,JERSEY,United Kingdom
626,FO,FBZ,Flybondi,BONDI,Argentina
627,FT,FEG,FlyEgypt,SKY EGYPT,Egypt
628,Y2,GSM,Flyglobespan,GLOBESPAN,United Kingdom
629,SX,TOR,FlyGTA Airlines,HOMERUN,Canada
630,W3,FYH,Flyhy Cargo Airlines,FLY HIGH,Thailand
631,TE,LIL,FlyLal,LITHUANIA AIR,Lithuania
632,XY,KNE,Flynas,NAS EXPRESS,Saudi Arabia
633,LF,NDC,FlyNordic,NORDIC,Sweden
634,FP,FRE,FlyPelican,PELICAN,Australia
635,FS,FOX,Flyr,GREENSTAR,Norway
636,VK,FVK,FlyViking,BALDER,Norway
637,VY,FOS,Formosa Airlines,,Taiwan
638,5F,FIA,FlyOne,FIA,Moldova
639,HK,FSC,Four Star Aviation/Four Star Cargo,FOUR STAR,United States
640,FH,FHY,Freebird Airlines,FREEBIRD AIR,Turkey
641,SJ,FOM,Freedom Air,FREE AIR,New Zealand
643,F9,FFT,Frontier Airlines,FRONTIER FLIGHT,United States
644,2F,FTA,Frontier Flying Service,FRONTIER-AIR,United States
645,FH,FUA,Futura International Airways,FUTURA,Spain
646,FZ,FDB,Flydubai,SKYDUBAI,UAE
647,Y5,GMR,Golden Myanmar Airlines,GOLDEN MYANMAR,Myanmar
648,GT,GBL,GB Airways,GEEBEE AIRWAYS,United Kingdom
649,Z5,GMG,GMG Airlines,GMG,Bangladesh
650,7O,GAL,Galaxy Air,GALAXY,Kyrgyzstan
651,GC,GNR,Gambia International Airlines,GAMBIA INTERNATIONAL,Gambia
652,G7,GNF,Gandalf Airlines,Gandalf,Italy
653,GA,GIA,Garuda Indonesia,INDONESIA,Indonesia
654,4G,GZP,Gazpromavia,GAZPROMAVIA,Russia
655,GR,GCO,Gemini Air Cargo,GEMINI,United States
656,A9,TGZ,Georgian Airways,TAMAZI,Georgia
657,QB,GFG,Georgian National Airlines,NATIONAL,Georgia
658,HE,LGW,German Airways,WALTER,Germany
659,ST,GMI,Germania,GERMANIA,Germany
660,4U,GWI,Germanwings,GERMAN WINGS,Germany
661,GP,RIV,APG Airlines,RIVERA,France
662,GH,GLP,Globus Airlines,GLOBUS,Russia
663,GH,GHA,Ghana Airways,GHANA,Ghana
664,G0,GHB,Ghana International Airlines,GHANA AIRLINES,Ghana
665,6G,RLX,Go2Sky,RELAX,Slovakia
666,G8,GOW,GoAir,GOAIR,India
667,G7,GJS,GoJet Airlines,LINDBERGH,United States
668,G3,GLO,Gol Transportes Aereos,GOL TRANSPORTE,Brazil
669,DC,GAO,Golden Air,GOLDEN,Sweden
670,5Z,GON,Gonini Air Services,GONINI,Suriname
671,GV,GUN,Grant Aviation,HOOT,United States
672,ZK,GLA,Great Lakes Airlines,LAKES AIR,United States
673,IJ,GWL,Great Wall Airlines,GREAT WALL,China
674,HB,HGB,Greater Bay Airlines,GREATER BAY,Hong Kong
675,G6,BSR,Guine Bissaur Airlines,BISSAU AIRLINES,Guinea-Bissau
676,J9,GIF,Guinee Airlines,GUINEE AIRLINES,Guinea
677,G8,GUJ,Gujarat Airways,GUJARATAIR,India
678,GF,GFA,Gulf Air,GULF AIR,Bahrain
679,EO,ALX,Hewa Bora Airways,ALLCONGO,Democratic Republic of the Congo
680,A5,HOP,Hop!,AIR HOP,France
681,H6,HAG,Hageland Aviation Services,HAGELAND,United States
682,HR,HHN,Hahn Air,ROOSTER,Germany
683,HU,CHH,Hainan Airlines,HAINAN,China
684,2T,HAM,Haiti Ambassador Airlines,,Haiti
685,4R,HHI,Hamburg International,HAMBURG JET,Germany
686,X3,HLX,Hapag-Lloyd Express,YELLOW CAB,Germany
687,HF,HLF,Hapagfly,HAPAG LLOYD,Germany
688,HB,HAR,Harbor Airlines,HARBOR,United States
689,HQ,HMY,Harmony Airways,HARMONY,Canada
690,HA,HAL,Hawaiian Airlines,HAWAIIAN,United States
691,HN,HVY,Heavylift Cargo Airlines,HEAVY CARGO,Australia
692,JB,JBA,Helijet,HELIJET,Canada
693,ZU,HCY,Helios Airways,HELIOS,Cyprus
694,9I,HTA,Helitrans,SCANBIRD,Norway
695,HJ,HEJ,Hellas Jet,HELLAS JET,Greece
696,HW,FHE,Hello,FLYHELLO,Switzerland
697,2L,OAW,Helvetic Airways,HELVETIC,Switzerland
698,UD,HER,Hex'Air,HEX AIRLINE,France
699,5K,HFY,Hi Fly,SKY FLYER,Portugal
700,H9,HIM,Himalaya Airlines,HIMALAYA,Nepal
701,VM,VMS,His Majesty King Maha Vajiralongkorn,VICTOR MIKE[32],Thailand
702,H5,HOA,Hola Airlines,HOLA,Spain
703,HC,HCC,Holidays Czech Airlines,CZECH HOLIDAYS,Czech Republic
704,HX,CRK,Hong Kong Airlines,BAUHINIA,Hong Kong
705,RH,HKC,Hong Kong Air Cargo,MASCOT,Hong Kong
706,UO,HKE,Hong Kong Express Airways,HONGKONG SHUTTLE,Hong Kong
707,A6,HTU,Hongtu Airlines,HONGLAND,China
708,QX,QXE,Horizon Air,HORIZON AIR,United States
709,BN,HZA,Horizon Airlines,HORIZON,Australia
710,HW,UBD,FlyErbil,HAWLER,Iraqi Kurdistan
711,MR,MML,Hunnu Air,TRANS MONGOLIA,Mongolia
712,I4,EXP,Island Air Express,ISLAND EXPRESS,United States
713,IK,KAR,Ikar,IKAR,Russian Federation
714,IB,IBE,Iberia Airlines,IBERIA,Spain
715,II,CSQ,IBC Airways,CHASQUI,United States
716,I2,IBS,Iberia Express,IBEREXPRESS,Spain
717,TY,IWD,Iberworld,IBERWORLD,Spain
718,FW,IBX,Ibex Airlines,IBEX,Japan
719,0C,IBL,IBL Aviation,CATOVAIR,Mauritius
720,C3,IPR,Independent Carrier (ICAR),ICAR,Ukraine
721,FI,ICE,Icelandair,ICEAIR,Iceland
722,V8,IAR,Iliamna Air Taxi,ILIAMNA AIR,United States
723,DH,IDE,Independence Air,INDEPENDENCE AIR,United States
724,I7,IOA,IndiaOne Air,INDIA FIRST,India
725,6E,IGO,IndiGo,IFLY,India
726,IC,IAC,Indian Airlines,INDAIR,India
727,I9,IBU,Indigo Airlines,INDIGO BLUE,United States
728,VP,AXC,Indochina Airlines,AIRSPUP,Vietnam
729,QZ,AWQ,Indonesia AirAsia,WAGON AIR,Indonesia
730,IO,IAA,Indonesian Airlines,INDO LINES,Indonesia
731,H4,IIN,Inter Island Airways,,Cape Verde
732,D6,ILN,Interair South Africa,INLINE,South Africa
734,JY,IWY,InterCaribbean Airways,ISLANDWAYS,Turks and Caicos Islands
735,RS,ICT,Intercontinental de Aviacion,CONTAVIA,Colombia
737,ID,ITK,Interlink Airlines,INTERLINK,South Africa
738,,NCC,"T3 Aviation, Inc.",STARFLEET,United States
739,6I,IBZ,International Business Air,INTERBIZ,Sweden
740,3L,ISK,Intersky,INTERSKY,Austria
741,I4,FWA,Interstate Airlines,FREEWAYAIR,Netherlands
742,IR,IRA,Iran Air,IRANAIR,Iran
743,EP,IRC,Iran Aseman Airlines,ASEMAN,Iran
744,IA,IAW,Iraqi Airways,IRAQI,Iraq
745,IH,MZA,Irtysh Air,IRTYSH AIRLINES,Kazakhstan
746,2S,SDY,Island Express,SANDY ISLE,United States
747,IF,ISW,Islas Airways,PINTADERA,Spain
748,WC,ISV,Islena De Inversiones,,Honduras
749,6H,ISR,Israir,ISRAIR,Israel
750,AZ,ITY,ITA Airways,ITARROW,Italy
751,FS,ACL,Itali Airlines,SPADA,Italy
752,GI,IKA,Itek Air,ITEK-AIR,Kyrgyzstan
753,H9,IZM,Izair,IZMIR,Turkey
754,JC,JEX,JAL Express,JANEX,Japan
755,JO,JAZ,JALways,JALWAYS,Japan
756,MT,JMC,JMC Airlines,JAYEMMSEE,United Kingdom
757,JI,JAE,Jade Cargo International,JADE CARGO,China
758,3X,JAC,Japan Air Commuter,COMMUTER,Japan
759,JL,JAL,Japan Airlines,JAPANAIR,Japan
761,EG,JAA,Japan Asia Airways,ASIA,Japan
762,NU,JTA,Japan Transocean Air,JAI OCEAN,Japan
763,JA,JAT,JetSMART,ROCKSMART,Chile
764,VJ,JTY,Jatayu Airlines,JATAYU,Indonesia
765,J9,JZR,Jazeera Airways,JAZEERA,Kuwait
766,7C,JJA,Jeju Air,JEJU AIR,Republic of Korea
767,O2,JEA,OLT Express,JETA,Poland
768,9W,JAI,Jet Airways,JET AIRWAYS,India
769,PP,PJS,Jet Aviation,JETAVIATION,Switzerland
770,3K,JSA,Jetstar Asia Airways,JETSTAR ASIA,Singapore
771,LS,EXS,Jet2.com,CHANNEX,United Kingdom
772,B6,JBU,JetBlue Airways,JETBLUE,United States
774,0J,JCS,Jetclub,JETCLUB,Switzerland
775,SG,JGO,JetsGo,JETSGO,Canada
776,JQ,JST,Jetstar,JETSTAR,Australia
777,GK,JJP,Jetstar Japan,ORANGE LINER,Japan
778,JM,JKT,Jetstar Hong Kong Airways,KAITAK,China
779,JX,JEC,Jett8 Airlines Cargo,TAIPAN,Singapore
780,JO,JTD,Jettime,JETTIME,Denmark
781,GX,JXX,JetX Airlines,JETBIRD,Iceland
782,LJ,JNA,Jin Air,JIN AIR,South Korea
783,R5,JAV,Jordan Aviation,JORDAN AVIATION,Jordan
784,J4,JCI,Jordan International Air Cargo,,Jordan
785,XE,JSX,JSX (airline),BIGSTRIPE,United States
786,6J,JUB,Jubba Airways,JUBBA,Somalia
787,HO,DKH,Juneyao Airlines,AIR JUNEYAO,China
788,KW,KHK,Kharkiv Airlines,SUNRAY,Ukraine
789,KD,KLS,Kalstar Aviation,KALSTAR,Indonesia
790,KD,KNI,KD Avia,KALININGRAD AIR,Russia
791,WA,KLC,KLM Cityhopper,CITY,Netherlands
792,KL,KLM,KLM,KLM,Netherlands
793,N2,QNK,Kabo Air,KABO,Nigeria
794,KI,KAI,KaiserAir,KAISER,United States
795,K4,CKS,Kalitta Air,CONNIE,United States
796,K9,KFS,Kalitta Charters,KALITTA,United States
797,CB*,KII,Kalitta Charters II,DRAGSTER,United States
798,RQ,KMF,Kam Air,KAMGAR,Afghanistan
799,E2,KMP,Kampuchea Airlines,KAMPUCHEA,Cambodia
801,KV,MVD,Kavminvodyavia,AIR MINVODY,Russia
802,3Q,KCH,KC International Airlines,CAM AIR,Cambodia
803,KW,KFA,Kelowna Flightcraft Air Charter,FLIGHTCRAFT,Canada
804,M5,KEN,Kenmore Air,KENMORE,United States
805,KQ,KQA,Kenya Airways,KENYA,Kenya
806,ZN,KEY,Key Airlines,KEY AIR,United States
807,KG,LYM,Key Lime Air,KEY LIME,United States
808,BZ,KEE,Keystone Air Service,KEYSTONE,Canada
809,K6,KZW,Khalifa Airways,KHALIFA AIR,Algeria
810,X9KO,KHO,Khors Aircompany,AIRCOMPANY KHORS,Ukraine
811,IT,KFR,Kingfisher Airlines,KINGFISHER,India
812,4I,KNX,Knighthawk Air Express,KNIGHT FLIGHT,Canada
813,Y9,IRK,Kish Air,KISHAIR,Iran
814,KR,KHA,Kitty Hawk Aircargo,AIR KITTYHAWK,United States
815,2K,KHC,Kitty Hawk Airways,CARGO HAWK,United States
816,KP,KIA,Kiwi International Air Lines,KIWI AIR,United States
817,KY,KNA,Kunming Airlines,KUNMING AIR,China
818,7K,KGL,Kogalymavia Air Company,KOGALYM,Russia
819,8J,KMV,Komiinteravia,KOMIINTER,Russia
820,KE,KAL,Korean Air,KOREANAIR,South Korea
821,7B,KJC,Krasnojarsky Airlines,KRASNOJARSKY AIR,Russia
822,K9,KRI,Krylo Airlines,Krylo,Russia
823,GW,KIL,Kuban Airlines,AIR KUBAN,Russia
824,VD,KPA,Kunpeng Airlines,KUNPENG,China
825,KU,KAC,Kuwait Airways,KUWAITI,Kuwait
826,GO,KZU,Kuzu Airlines Cargo,KUZU CARGO,Turkey
827,N5,KGZ,Kyrgyz Airlines,BERMET,Kyrgyzstan
829,R8,KGA,Kyrgyzstan Airlines,KYRGYZ,Kyrgyzstan
830,FK,KEW,Keewatin Air,BLIZZARD,Canada
831,YL,LWA,Libyan Wings,LIBYAN WINGS,Libya
832,YQ,LCT,TAR Aerolineas,TAR,Mexico
833,JF,LAB,L.A.B. Flying Service,LAB,United States
834,LR,LRC,LACSA,LACSA,Costa Rica
835,KG,BNX,LAI - Linea Aerea IAACA,AIR BARINAS,Venezuela
836,4M,DSM,LATAM Argentina,LAN AR,Argentina
837,JJ,TAM,LATAM  Brasil,TAM,Brazil
838,UC,LCO,LATAM Cargo Chile,LAN CARGO,Chile
839,LA,LAN,LATAM Chile,LAN CHILE,Chile
841,LU,LXP,LATAM Express,LANEX,Chile
842,PZ,LAP,LATAM Paraguay,PARAGUAYA,Paraguay
843,LP,LPE,LATAM Peru,LANPERU,Peru
844,LO,LOT,LOT Polish Airlines,POLLOT,Poland
845,XO,LTE,LTE International Airways,FUN JET,Spain
846,L3,LTO,LTU Austria,BILLA TRANSPORT,Austria
847,LT,LTU,LTU International,LTU,Germany
848,N6,JEV,Lagun Air,,Spain
849,IK,LKN,Lankair,Lankair,Sri Lanka
851,QV,LAO,Lao Airlines,LAO,Lao People's Democratic Republic
852,L7,LPN,Laoag International Airlines,LAOAG AIR,Philippines
853,NG,LDA,Lauda Air,LAUDA AIR,Austria
854,OE[40],LDM,LaudaMotion,LAUDA MOTION,Austria
855,LQ,LAQ,Lebanese Air Transport,LAT,Lebanon
856,LI,LIA,Leeward Islands Air Transport,LIAT,Antigua and Barbuda
857,LV,LVL,Level,LEVEL,Spain and France
858,LN,LAA,Libyan Arab Airlines,LIBAIR,Libya
859,L7,LNP,Linea Aerea SAPSA,SAPSA,Chile
860,QL,LER,Linea Aerea de Servicio Ejecutivo Regional,LASER,Venezuela
861,ZE,LCD,Lineas Aereas Azteca,LINEAS AZTECA,Mexico
862,TM,LAM,Linhas Aereas de Mocambique,MOZAMBIQUE,Mozambique
863,JT,LNI,Lion Air,LION INTER,Indonesia
864,LM,LVG,Livingston Energy Flight,LIVINGSTON,Italy
865,LB,LLB,Lloyd Aereo Boliviano,LLOYDAEREO,Bolivia
866,LM,LOG,Loganair,LOGAN,United Kingdom
867,GJ,CDC,Loong Air,LOONG AIR,China
868,LH,DLH,Lufthansa,LUFTHANSA,Germany
869,LH,GEC,Lufthansa Cargo,LUFTHANSA CARGO,Germany
870,CL,CLH,Lufthansa CityLine,HANSALINE,Germany
871,L5,LTR,Lufttransport,LUFT TRANSPORT,Norway
872,LG,LGL,Luxair,LUXAIR,Luxembourg
873,5V,UKW,Lviv Airlines,UKRAINE WEST,Ukraine
874,L2,LYC,Lynden Air Cargo,LYNDEN,United States
875,Y9,DAT,Lynx Air,DAUNTLESS,Canada
876,L4,SSX,Lynx Aviation,SHASTA,United States
877,Z8,AZN,Linea Aerea Amaszonas,,Bolivia
878,MJ,LPR,Lineas Aereas Privadas Argentinas,LAPA,Argentina
880,Q2,DQA,Maldivian (airline),SKYSURFER,Maldives
881,BF,MRK,MarkAir,MARKAIR,United States
882,WD,MWM,Modern Transporte Aereo De Carga,MODERNAIR,Brazil
883,OD,MXD,Malindo Airways,MALINDO EXPRESS,Malaysia
884,AQ,MPJ,MAP-Management and Planung,MAPJET,Austria
885,M7,MAA,MasAir,MAS CARGA,Mexico
886,MY,MWG,MASwings,MASWINGS,Malaysia
887,IN,MAK,MAT Macedonian Airlines,MAKAVIO,Macedonia
888,OM,MGL,MIAT Mongolian Airlines,MONGOL AIR,Mongolia
889,MB,MNB,MNG Airlines,BLACK SEA,Turkey
890,CC,MCK,Macair Airlines,,Australia
891,DM,DAN,Maersk Air,MAERSKAIR,Denmark
892,VB,MSK,Maersk Air UK,BLUESTAR,United Kingdom
893,W5,IRM,Mahan Air,MAHAN AIR,Iran
894,M2,MZS,Mahfooz Aviation,MAHFOOZ,Gambia
895,MH,MAS,Malaysia Airlines,MALAYSIAN,Malaysia
896,DB,MLT,Maleth-Aero,,Malta
897,TF,SCW,Malmo Aviation,SCANWING,Sweden
899,MA,MAH,Malev Hungarian Airlines,MALEV,Hungary
900,RI,MDL,Mandala Airlines,MANDALA,Indonesia
901,AE,MDA,Mandarin Airlines,MANDARIN,Taiwan
902,JE,MNO,Mango,TULCA,South Africa
903,6V,MRW,Mars RK,AVIAMARS,Ukraine
904,M7,MSL,Marsland Aviation,MARSLANDAIR,Sudan
905,MP,MPH,Martinair,MARTINAIR,Netherlands
906,H5,MVL,Mavial Magadan Airlines,Mavial,Russia
907,8M,MXL,Maxair,MAXAIR,Sweden
908,MY,MXJ,Maxjet Airways,MAX-JET,United States
909,MW,MYD,Maya Island Air,MYLAND,Belize
910,7M,MYI,Mayair,MAYAIR,Mexico
911,M8,MKN,Mekong Airlines,MEKONG AIRLINES,Cambodia
912,IM,MNJ,Menajet,MENAJET,Lebanon
913,IG,ISS,Meridiana,MERIDIANA,Italy
914,MZ,MNA,Merpati Nusantara Airlines,MERPATI,Indonesia
915,YV,ASH,Mesa Airlines,AIR SHUTTLE,United States
916,XJ,MES,Mesaba Airlines,MESABA,United States
917,GJ,MXC,Mexicargo,MEXICARGO,Mexico
918,MX,MXA,Mexicana de Aviacion,MEXICANA,Mexico
919,LL,BSK,Miami Air International,BISCAYNE,United States
920,ME,MEA,Middle East Airlines,CEDAR JET,Lebanon
921,JI,MDW,Midway Airlines (19932003),MIDWAY,United States
923,YX,MEP,Midwest Airlines,MIDEX,United States
924,MY,MWA,Midwest Airlines (Egypt),,Egypt
925,MJ,MLR,Mihin Lanka,MIHIN LANKA,Sri Lanka
926,XV,MVA,Mississippi Valley Airlines,VALAIR,United States
927,M4,MSA,Mistral Air,AIRMERCI,Italy
928,MW,MUL,Mokulele Airlines,MUKULELE,United States
929,2M,MDV,Moldavian Airlines,MOLDAVIAN,Moldova
930,ZB,MON,Monarch Airlines,MONARCH,United Kingdom
931,YM,MGX,Montenegro Airlines,MONTENEGRO,Montenegro
932,5M,MNT,Montserrat Airways,MONTSERRAT,Montserrat
933,3R,GAI,Moskovia Airlines,GROMOV AIRLINE,Russia
934,M9,MSI,Motor Sich Airlines,MOTOR SICH,Ukraine
935,NM,NZM,Mount Cook Airline,MOUNTCOOK,New Zealand
936,N4,MTC,Mountain Air Company,MOUNTAIN LEONE,Sierra Leone
937,Z9,MYM,MYAirline,MYAIR,Malaysia
938,VZ,MYT,MyTravel Airways,KESTREL,United Kingdom
939,UB,UBA,Myanma Airways,UNIONAIR,Myanmar
940,8M,MMA,Myanmar Airways International,MYANMAR,Myanmar
941,M2,MHV,MHS Aviation GmbH,SNOWCAP,Germany
942,6N,NIN,Niger Airlines,NIGER AIRLINES,Niger
943,N5,FEY,Fly Easy,FLYEASY,India
944,DV,ACK,Nantucket Airlines,ACK AIR,United States
945,UE,NAS,Nasair,NASAIRWAYS,Eritrea
946,N4,NCN,National Airlines,,Chile
947,N7,ROK,National Airlines,RED ROCK,United States
948,,NAL,National Airlines,NATIONAL,United States
949,N8,NCR,National Air Cargo dba National Airlines,NATIONAL CARGO,United States
950,9Y,NAE,National Airways Ethiopia,NATIONAL,Ethiopia
951,IN,NIH,NAM Air,NAM,Indonesia
952,NC,NJS,National Jet Systems,NATIONAL JET,Australia
953,CE,NTW,Nationwide Airlines,NATIONWIDE,South Africa
954,RA,RNA,Nepal Airlines,ROYAL NEPAL,Nepal
955,NO,NOS,Neos,MOONFLOWER,Italy
956,1I,EJA,NetJets,EXECJET,United States
957,EJ,NEA,New England Airlines,NEW ENGLAND,United States
958,2N,NTJ,NextJet,NEXTJET,Sweden
959,HG,NLY,Niki,FLYNIKI,Austria
960,KZ,NCA,Nippon Cargo Airlines,NIPPON CARGO,Japan
961,DD,NOK,Nok Air,NOK AIR,Thailand
962,XW,NCT,NokScoot,BIG BIRD,Thailand
963,5N,AUL,Nordavia,ARCHANGELSK AIR,Russia
964,JH,NES,Nordeste Linhas Aereas Regionais,NORDESTE,Brazil
965,6N,NRD,Nordic Regional,NORTH RIDER,Sweden
966,Y7,TYA,NordStar,TAIMYR,Russia
967,N4,NWS,Nordwind Airlines,NORDLAND,Russia
968,N0,NBT,Norse Atlantic Airways,LONGSHIP,Norway
969,,NAO,North American Airlines,NORTH AMERICAN,United States
971,M3,NFA,North Flying,NORTH FLYING,Denmark
972,HW,NWL,North-Wright Airways,NORTHWRIGHT,Canada
973,NC,NAC,Northern Air Cargo,YUKON,United States
974,7H,RVF,Northern Pacific Airways,Raven Flight,United States
975,NW,NWA,Northwest Airlines,NORTHWEST,United States
976,FY,NWR,Northwest Regional Airlines,,Australia
977,J3,PLR,Northwestern Air,POLARIS,Canada
978,D8*,IBK,Norwegian Air International,NORTRANS,Ireland
979,DY,NOZ,Norwegian Air Shuttle,NORDIC,Norway
980,DI,NRS,Norwegian Air UK,REDNOSE*,United Kingdom
981,DN,NAA,Norwegian Air Argentina,NORUEGA,Argentina
982,DU,NLH,Norwegian Long Haul,NORSTAR,Norway
983,DH,NAN,Norwegian Air Norway,NORSHIP,Norway
984,D8,NSZ,Norwegian Air Sweden,REDNOSE,Sweden
985,BJ,LBT,Nouvel Air Tunisie,NOUVELAIR,Tunisia
986,O9,NOV,Nova Airways,NOVANILE,Sudan
987,1I,NVR,Novair,NAVIGATOR,Sweden
988,VQ,NVQ,Novo Air,NOVO AIR,Bangladesh
990,1I,NJE,NetJets Europe,FRACTION,Portugal
991,IP,ONS,One Airlines,AIR DREAMS,Chile
992,UQ,OCM,O'Connor Airlines,OCONNOR,Australia
994,O8,OHK,Oasis Hong Kong Airlines,OASIS,Hong Kong
995,VC,VCX,Ocean Airlines,OCEANCARGO,Italy
996,OL,OLT,OLT Express Germany,OLTRA,Germany
997,OA,OAL,Olympic Air,OLYMPIC,Greece
998,WY,OMA,Oman Air,OMAN AIR,Oman
999,OV,OMS,SalamAir,MAZOON,Oman
1000,OY,OAE,Omni Air International,OMNI-EXPRESS,United States
1001,8Q,OHY,Onur Air,ONUR AIR,Turkey
1002,R2,ORB,Orenburg Airlines,ORENBURG,Russia
1003,OX,OEA,Orient Thai Airlines,ORIENT THAI,Thailand
1004,QO,OGN,Origin Pacific Airways,ORIGIN,New Zealand
1005,ON,RON,Our Airline,OUR AIRLINE,Nauru
1006,OJ,OLA,Overland Airways,OVERLAND,Nigeria
1007,OZ,OZR,Ozark Air Lines,OZARK,United States
1008,O7,OZJ,OzJet,AUSJET,Australia
1011,PV,PNR,PAN Air,SKYJET,Spain
1012,9Q,PBA,PB Air,PEEBEE AIR,Thailand
1013,PU,PUA,PLUNA,PLUNA,Uruguay
1014,U4,PMT,PMTair,MULTITRADE,Cambodia
1015,OH,JIA,PSA Airlines,BLUE STREAK,United States
1016,Y5,PCE,Pace Airlines,PACE,United States
1017,BL,PIC,Pacific Airlines,PACIFIC AIRLINES,Vietnam
1018,DJ,PBN,Pacific Blue,BLUEBIRD,New Zealand
1019,8P,PCO,Pacific Coastal Airlines,PASCO,Canada
1020,Q8,PEC,Pacific East Asia Cargo Airlines,PAC-EAST CARGO,Philippines
1021,LW,NMI,Pacific Wings,TSUNAMI,United States
1022,PK,PIA,Pakistan International Airlines,PAKISTAN,Pakistan
1023,GP,PTP,Palau Trans Pacific Airlines,TRANS PACIFIC,Palau
1024,PF,PNW,Palestinian Airlines,PALESTINIAN,Egypt
1025,NR,PIR,Pamir Airways,PAMIR,Afghanistan
1026,7N,PWD,PAWA Dominicana,,Dominican Republic
1027,PA,PAA,Pan American Airways,,United States
1029,P8,PTN,Pantanal Linhas Aereas,PANTANAL,Brazil
1030,I7,PMW,Paramount Airways,PARAWAY,India
1031,P3,PTB,Passaredo Transportes Aereos,PASSAREDO,Brazil
1032,HP,HPA,Pearl Airways,PEARL AIRWAYS,Haiti
1033,PC,PGT,Pegasus Airlines,SUNTURK,Turkey
1034,PE,PEV,People's,PEOPLES,Austria
1035,KS,PEN,Peninsula Airways,PENINSULA,United States
1036,P9,PGP,Perm Airlines,PERM AIR,Russia
1037,P9,PVN,Peruvian Airlines,,Peru
1038,Z2,EZD,Philippines AirAsia,REDHOT,Philippines
1039,PR,PAL,Philippine Airlines,PHILIPPINE,Philippines
1040,9R,VAP,Phuket Air,PHUKET AIR,Thailand
1041,PI,PAI,Piedmont Airlines (1948-1989),PIEDMONT,United States
1042,9E,FLG,Pinnacle Airlines,FLAGSHIP,United States
1043,OG,FPY,Play,PLAYER,Iceland
1044,PO,PAC,Polar Air Cargo,POLAR,United States
1045,PH,PAO,Polynesian Airlines,POLYNESIAN,Samoa
1046,DJ,PLB,Polynesian Blue,POLYBLUE,New Zealand
1047,PD,POE,Porter Airlines,PORTER,Canada
1048,NI,PGA,Portugalia,PORTUGALIA,Portugal
1050,BK,PDC,Potomac Air,DISTRICT,United States
1051,PW,PRF,Precision Air,PRECISION AIR,Tanzania
1052,TO,PSD,President Airlines,,Cambodia
1053,MO,AUH,Presidential Flight,SULTAN,United Arab Emirates
1054,FE,WCP,Primaris Airlines,WHITECAP,United States
1055,8W,PWF,Private Wings Flugcharter,PRIVATE WINGS,Germany
1056,P6,PVG,Privilege Style Lineas Aereas,PRIVILEGE,Spain
1057,P0,PFZ,Proflight Zambia,PROFLIGHT-ZAMBIA,Zambia
1058,PB,SPR,Provincial Airlines,SPEEDAIR,Canada
1059,FV,PLK,Pulkovo Aviation Enterprise,PULKOVO,Russia
1060,QF,QFA,Qantas,QANTAS,Australia
1061,QF,QLK,QantasLink,QLINK,Australia
1062,QF,QJE,QantasLink,QJET,Australia
1063,QR,QTR,Qatar Airways,QATARI,Qatar
1065,8L,RHC,Redhill Aviation,REDAIR,United Kingdom
1066,V4,REK,Reem Air,REEM AIR,Kyrgyzstan
1067,RX,RGE,Regent Airways,REGENT,Bangladesh
1068,YS,RAE,Regional,REGIONAL EUROPE,France
1069,FN,RGL,Regional Air Lines,MAROC REGIONAL,Morocco
1070,ZL,RXA,Regional Express,REX,Australia
1071,P7,REP,Regional Paraguaya,REGIOPAR,Paraguay
1072,3C,CEA,RegionsAir,CORP-X,United States
1073,QQ,ROA,Reno Air,RENO AIR,United States
1075,RW,RPA,Republic Airways,BRICKYARD,United States
1076,RH,RPH,Republic Express Airlines,PUBLIC EXPRESS,Indonesia
1077,C7,RLE,Rico Linhas Aereas,RICO,Brazil
1078,E2,GRN,Rio Grande Air,GRANDE,United States
1079,RL,RIO,Rio Linhas Aereas,RIO,Brazil
1080,SL,RSL,Rio Sul Servicos Aereos Regionais,RIO SUL,Brazil
1081,V2,RBY,Vision Airlines,RUBY,United States
1082,FV,SDM,Rossiya,RUSSIA,Russia
1083,GZ,RAR,Air Rarotonga,AIR RAROTONGA,Cook Islands
1084,RR,RFR,Royal Air Force,RAFAIR,United Kingdom
1085,RS,MJN,Royal Air Force of Oman,MAJAN,Oman
1086,AT,RAM,Royal Air Maroc,ROYALAIR MAROC,Morocco
1087,R0,RPK,Royal Airlines,ROYAL PAKISTAN,Pakistan
1088,V5,RYL,Royal Aruban Airlines,ROYAL ARUBAN,Aruba
1089,BI,RBA,Royal Brunei Airlines,BRUNEI,Brunei
1090,RJ,RJA,Royal Jordanian,JORDANIAN,Jordan
1091,RK,RCT,Skyview Airways,GREENSKY,THAILAND
1092,RK,RKH,Royal Khmer Airlines,KHMER AIR,Cambodia
1093,RL,PPW,Royal Phnom Penh Airways,PHNOM-PENH AIR,Cambodia
1094,RR,RYS,Buzz (Ryanair),MAGIC SUN,Poland
1095,WR,HRH,Royal Tongan Airlines,TONGA ROYAL,Tonga
1096,P7,ESL,Russian Sky Airlines,RADUGA,Russia
1097,WB,RWD,Rwandair Express,RWANDAIR,Rwanda
1098,7S,RYA,Ryan Air Services,RYAN AIR,United States
1099,RD,RYN,Ryan International Airlines,RYAN INTERNATIONAL,United States
1100,FR,RYR,Ryanair,RYANAIR,Ireland
1101,RK,RUK,Ryanair UK,BLUEMAX,United Kingdom
1102,RT,BUG,UVT Aero,,Russia
1103,TR,TGW,Scoot,SCOOTER,Singapore
1104,IJ,SJO,Spring Airlines Japan,JEY SPRING,Japan
1105,6Y,ART,Smartlynx Airlines,SMART LYNX,Latvia
1106,QS,TVS,Smartwings,SKYTRAVEL,Czech Republic
1107,7O,TVL,Smartwings Hungary,TRAVEL SERVICE,Hungary
1108,3Z,TVP,Smartwings Poland,JETTRAVEL,Poland
1109,6D,TVQ,Smartwings Slovakia,SLOVAKTRAVEL,Slovakia
1110,E3,VGO,Sabaidee Airways,VIRGO,Thailand
1111,GG,KYE,Sky Lease Cargo,SKY CUBE,United States
1113,SH,SHA,Sharp Airlines,SHARP,Australia
1115,7E,AWU,Sylt Air GmbH,SYLT-AIR,Germany
1116,OL,SZB,Samoa Air,SAMOA,Samoa
1117,S4,RZO,SATA International,AIR AZORES,Portugal
1118,SA,SAA,South African Airways,SPRINGBOK,South Africa
1119,KV,SKV,Sky Regional Airlines,MAPLE,Canada
1120,W7,SAH,Sayakhat Airlines,SAYAKHAT,Kazakhstan
1121,NL,SAI,Shaheen Air,SHAHEEN AIR,Pakistan
1122,MM,SAM,SAM Colombia,SAM,Colombia
1123,SK,SAS,Scandinavian Airlines,SCANDINAVIAN,"Sweden, Denmark and Norway"
1124,PI,SGU,Sol del Paraguay,SOLPARAGUAYO,Paraguay
1125,UG,SEN,Tunisair Express,TUNEXPRESS,Tunisia
1126,S7,SBI,S7 Airlines,SIBERIAN AIRLINES,Russia
1127,Q7,SBM,SkyBahamas,SKY BAHAMAS,Bahamas
1128,BB,SBS,Seaborne Airlines,SEABORNE,United States
1129,PV,SBU,St Barth Commuter,BLACK FIN,France
1130,S5,SDG,Star Air (India),HISTAR,India
1131,JX,SJX,Starlux Airlines,STARWALKER,Taiwan
1132,K5,SQH,SeaPort Airlines,SASQUATCH,United States
1133,W3,SCL,Switfair Cargo,SWIFTAIR,Canada
1134,FP,AND,Servicios Aereos de los Andes,SERVI ANDES,Peru
1135,SY,SCX,Sun Country Airlines,SUN COUNTRY,United States
1136,SG,SEJ,Spicejet,SPICEJET,India
1137,I6,SEQ,Sky Eyes,SKY EYES,Thailand
1138,EH,SET,SAETA,SAETA,Ecuador
1139,7G,SFJ,Star Flyer,STARFLYER,Japan
1140,FA,SFR,Safair,CARGO,South Africa
1141,N5,SGY,Skagway Air Service,SKAGWAY AIR,United States
1142,HZ,SHU,Sakhalinskie Aviatrassy(SAT),SATAIR,Russia
1143,SP,SAT,SATA Air Acores,SATA,Portugal
1144,ZY,SHY,Sky Airlines,ANTALYA BIRD,Turkey
1145,SQ,SIA,Singapore Airlines,SINGAPORE,Singapore
1146,5M,SIB,Sibaviatrans,SIBAVIA,Russia
1147,SI,SIH,Skynet Airlines,BLUEJET,Ireland
1148,3M,SIL,Silver Airways,SILVER WINGS,United States
1149,XS,SIT,SITA,,Belgium
1150,ZS,SMY,Sama Airlines,NAJIM,Saudi Arabia
1151,SQ,SQC,Singapore Airlines Cargo,SINGCARGO,Singapore
1152,FT,SRH,Siem Reap Airways,SIEMREAP AIR,Cambodia
1153,SX,SRK,Sky Work Airlines,SKYFOX,Switzerland
1154,SM,SRL,Swedline Express,Starline,Sweden
1155,D2,SSF,Severstal Air Company,SEVERSTAL,Russia
1156,VD,BBB,SwedJet Airways,BLACKBIRD,Sweden
1157,QF,SSQ,Sunstate Airlines,SUNSTATE,Australia
1158,5G,SSV,Skyservice Airlines,SKYTOUR,Canada
1159,RE,STK,Stobart Air,STOBART,Ireland
1160,FS,STU,Servicios de Transportes Aereos Fueguinos,FUEGUINO,Argentina
1161,SD,SUD,Sudan Airways,SUDANAIR,Sudan
1162,PI,SUF,Sun Air (Fiji),SUNFLOWER,Fiji
1163,LW,FDY,Sun Air International,FRIENDLY,United States
1164,EZ,SUS,Sun Air of Scandinavia,SUNSCAN,Denmark
1165,SV,SVA,Saudia,SAUDIA,Saudi Arabia
1166,WN,SWA,Southwest Airlines,SOUTHWEST,United States
1167,A4,SWD,Southern Winds Airlines,SOUTHERN WINDS,Argentina
1168,WG,SWG,Sunwing Airlines,SUNWING,Canada
1169,WQ,SWQ,Swift Air(Interstate Equipment Leasing),SWIFTFLIGHT,United States
1170,LX,SWR,Swiss International Air Lines,SWISS,Switzerland
1172,SR,SDR,Sundair,SUNDAIR,Germany
1173,LZ[60],SWU,Swiss Global Air Lines,EUROSWISS,Switzerland
1174,WV,SWV,Swe Fly,FLYING SWEDE,Sweden
1175,S8,SWW,Shovkoviy Shlyah,WAY AERO,Ukraine
1176,Q4,SWX,Swazi Express Airways,SWAZI EXPRESS,Eswatini
1177,WO,WSW,Swoop,SWOOP,Canada
1178,S8,SWZ,Skywise Airline,SKYWISE,South Africa
1179,XQ,SXS,SunExpress,SUNEXPRESS,Turkey
1180,RB,SYR,Syrian Arab Airlines,SYRIANAIR,Syrian Arab Republic
1181,AL,SYX,Skywalk Airlines,SKYWAY-EX,United States
1182,ZP,AZQ,Silk Way Airlines,SILK LINE,Azerbaijan
1183,7L,AZG,Silk Way West Airlines,SILK WEST,Azerbaijan
1184,E5,BRZ,Samara Airlines,BERYOZA,Russia
1185,E5,RBG,Air Arabia Egypt,ARABIA EGYPT,Egypt
1186,SC,CDG,Shandong Airlines,SHANDONG,China
1187,SK,CNO,SAS Braathens,SCANOR,Norway
1188,9C,CQH,Spring Airlines,AIR SPRING,China
1189,3U,CSC,Sichuan Airlines,SI CHUAN,China
1190,FM,CSH,Shanghai Airlines,SHANGHAI AIR,China
1191,ZH,CSZ,Shenzhen Airlines,SHENZHEN AIR,China
1192,8C,CXI,Corendon Airlines Europe,TOURIST,Malta
1193,7L,ERO,Sun D'Or,ECHO ROMEO,Israel
1194,NE,ESK,SkyEurope,RELAX,Slovakia
1195,CQ,EXL,Sunshine Express Airlines,,Australia
1196,SO,HKA,Superior Aviation,SPEND AIR,United States
1197,KI,SJB,SKS Airways,SOUTHER TIGER,Malaysia
1198,TE,IGA,Skytaxi,IGUANA,Poland
1199,JK,JKK,Spanair,SPANAIR,Spain
1200,RZ*,LRS,Sansa,,Costa Rica
1201,2G*,MRR,San Juan Airlines,MARINER,United States
1202,1Z,APD,Sabre Pacific,,Australia
1203,NK,NKS,Spirit Airlines,SPIRIT WINGS,United States
1204,S0,OKS,Slok Air Gambia,SLOK GAMBIA,Gambia
1205,SO,OSL,Sosoliso Airlines,SOSOLISO,Nigeria
1206,VA,OZW,Virgin Australia Regional Airlines,VELOCITY,Australia
1207,1I,PZR,Sky Trek International Airlines,PHAZER,United States
1208,SX,SKB,Skybus Airlines,SKYBUS,United States
1209,RU,SKI,SkyKing Turks and Caicos Airways,SKYKING,Turks and Caicos Islands
1210,S3,BBR,Santa Barbara Airlines,SANTA BARBARA,Venezuela
1211,XT,SKT,SkyStar Airways,SKY YOU,Thailand
1212,H2,SKU,Sky Airline,AEROSKY,Chile
1213,OO,SKW,SkyWest Airlines,SKYWEST,United States
1214,JZ,SKX,Skyways Express,SKY EXPRESS,Sweden
1215,BC,SKY,Skymark Airlines,SKYMARK,Japan
1216,LJ,SLA,Sierra National Airlines,SELAIR,Sierra Leone
1217,MI,SLK,SilkAir,SILKAIR,Singapore
1218,6Q,SLL,Slovak Airlines,SLOV LINE,Slovakia
1219,PY,SLM,Surinam Airways,SURINAM,Suriname
1220,NB,SNB,Sterling Airlines,STERLING,Denmark
1221,6J,SNJ,Solaseed Air,NEWSKY,Japan
1222,IE,SOL,Solomon Airlines,SOLOMON,Solomon Islands
1223,9X,SOU,Southern Airways,SOUTHERN EXPRESS,United States
1224,6W,SOV,Saratov Airlines Joint Stock Company,SARATOV AIR,Russia
1225,HZ,SOZ,Sat Airlines,SATCO,Kazakhstan
1226,S5,TCF,Shuttle America,MERCURY,United States
1227,DV,VSV,Scat Air,VLASTA,Kazakhstan
1228,O3,CSS,SF Airlines,SHUN FENG,China
1229,PQ,SQP,SkyUp,SKYUP,Ukraine
1230,S5,LLC,Small Planet Airlines,SMALL PLANET,Lithuania
1231,P7,LLP,Small Planet Airlines,SKYPOL,Poland
1232,P2,LLI,Small Planet Airlines,AURIGA,Italy
1233,5P,LLX,Small Planet Airlines,GERMANJET,Germany
1234,UL,ALK,SriLankan Airlines,SRILANKAN,Sri Lanka
1235,DJ,SRR,Star Air,WHITESTAR,Denmark
1236,V9,HCW,Star1 Airlines,STAR1,Lithuania
1237,Q4,TLK,Starlink Aviation,STARLINK,Canada
1238,XG,SXD,Sunexpress Deutschland,SUNRISE,Germany
1241,9L,TOW,AirTanker Services,TOWLINE,United Kingdom
1242,DG,SRQ,Cebgo,BLUE JAY,Philippines
1244,1L,OSY,Open Skies Consultative Commission,OPEN SKIES,United States
1245,2S,TGR,Satgur Air Transport,SATGURAIR,Liberia
1246,DT,DTA,TAAG Angola Airlines,DTA,Angola
1247,VR,TCV,TACV,CABOVERDE,Cape Verde
1248,TI,TWI,Tailwind Airlines,TAILWIND,Turkey
1250,EQ,TAE,TAME,TAME,Ecuador
1251,QT,TPA,TAMPA,TAMPA,Colombia
1252,TQ,TDM,Tandem  Aero,TANDEM,Moldova
1253,TP,TAP,TAP  Portugal,AIR PORTUGAL,Portugal
1254,K3,TQN,Taquan Air Services,TAQUAN,United States
1255,RO,ROT,Tarom,TAROM,Romania
1256,HJ,TMN,Tasman Cargo Airlines,TASMAN,Australia
1257,SF,DTH,Tassili  Airlines,TASSILI AIR,Algeria
1258,T6,TVR,Tavrey  Airlines,TAVREY,Ukraine
1259,L6,VNZ,Tbilaviamsheni,TBILAVIA,Georgia
1260,L9,TLW,Teamline  Air,Teamline,Austria
1261,U8,CYF,Tel Aviv Air,TUS AIR,Germany
1262,K9,TEZ,TezJet  Airlines,Tezjet,Kyrgyzstan
1263,T2,TCG,Thai  Air Cargo,THAI CARGO,Thailand
1264,FD,AIQ,Thai  AirAsia,THAI ASIA,Thailand
1265,XJ,TAX,Thai  AirAsia X,EXPRESS WING,Thailand
1266,TG,THA,Thai Airways International,THAI,Thailand
1267,SL,TLM,Thai  Lion Mentari,MENTARI,Thailand
1269,WE,THD,Thai Smile  Airways,THAI SMILE,Thailand
1270,T9,TSX,Thai Star Airlines,THAI STAR,Thailand
1271,VZ,TVJ,Thai  Vietjet Air,THAIVIET JET,Thailand
1272,HQ,TCW,Thomas Cook Airlines,KESTREL,Belgium
1273,MT,TCX,Thomas Cook Airlines,KESTREL,United Kingdom
1274,GS,GCR,Tianjin  Airlines,BO HAI,China
1275,3P,TNM,Tiara Air,TIARA,Aruba
1276,TT,TGG,Tigerair Australia,TIGGOZ,Australia
1278,IT,TTW,Tigerair  Taiwan,SMART CAT,Taiwan
1279,ZT,AWC,Titan  Airways,ZAP,United Kingdom
1280,3V,TAY,TNT  Airways,QUALITY,Belgium
1281,7T,TOB,Tobruk Air,TOBRUK AIR,Libya
1282,TI,TOL,Tol-Air  Services,TOL AIR,United States
1283,TJ,GPD,Tradewind Aviation,GOODSPEED,United States
1284,TL,TMA,Trans  Mediterranean Airlines,TANGO LIMA,Lebanon
1285,AX,LOF,Trans States Airlines,WATERSKI,United States
1286,TW,TWA,Trans World Airlines,TWA,United States
1287,UN,TSO,Transaero Airlines,TRANSOVIET,Russia
1288,GE,TNA,TransAsia Airways,,Taiwan
1289,TO,TVF,Transavia  France,FRANCE SOLEIL,France
1290,HV,TRA,Transavia Holland,TRANSAVIA,Netherlands
1291,AL,TXC,TransAVIAexport Airlines,TRANSEXPORT,Belarus
1292,TR,TBA,Transbrasil,TRANSBRASIL,Brazil
1293,UE,TEP,Transeuropean Airlines,TRANSEURLINE,Russia
1294,T9,TRZ,TransMeridian Airlines,TRANS-MERIDIAN,United States
1295,TH,RMY,Raya Airways,TRANSMILE,Malaysia
1296,TX,TAN,Transportes Aereos Nacionales,,Honduras
1297,OF,TML,Transports et Travaux  Aeriens de Madagascar,TAM AIRLINE,Madagascar
1298,9T,ABS,Transwest  Air,ATHABASKA,Canada
1299,S5,TSJ,Trast Aero,TRAST AERO,Kyrgyzstan
1300,GY,TMG,Tri-MG Intra Asia Airlines,TRILINES,Indonesia
1301,T4,TIB,TRIP Linhas Aereas,TRIP,Brazil
1302,PM,TOS,Tropic Air,TROPISER,Belize
1303,M7,TBG,Tropical  Airways,,Haiti
1304,TZ,TDS,Tsaradia,TSARADIA,Madagascar
1305,BY,TOM,TUI  Airways,TOM JET,United Kingdom
1306,TB,JAF,TUI  fly Belgium,BEAUTY,Belgium
1307,X3,TUI,TUI fly Deutschland,TUI JET,Germany
1308,OR,TFL,TUI fly Netherlands,ORANGE,Netherlands
1309,6B,BLX,TUI  fly Nordic,BLUESCAN,Sweden
1310,TD,TLP,Tulip Air,TULIPAIR,Netherlands
1311,UG,TUX,Tuninter,,Tunisia
1312,TU,TAR,Tunisair,TUNAIR,Tunisia
1313,3T,URN,Turan Air,TURAN,Azerbaijan
1314,TK,THY,Turkish  Airlines,TURKISH,Turkey
1315,T5,TUA,Turkmenistan Airlines,TURKMENISTAN,Turkmenistan
1316,TW,TWB,T'way Air,TWAYAIR,Republic of Korea
1317,T7,TJT,Twin Jet,TWINJET,France
1318,VO,TYR,Tyrolean  Airways,TYROLEAN,Austria
1319,VNX,TKK,flyADVANCED,TARKA,United States
1320,B7,UIA,UNI Air,GLORY,Taiwan
1321,UA,UAL,United Airlines,UNITED,United States
1323,U7,JUS,USA Jet Airlines,JET USA,United States
1324,U6,SVR,Ural Airlines,SVERDLOVSK AIR,Russia
1326,UR,UGD,Uganda Airlines,CRESTED,Uganda
1327,UF,UKM,UM Airlines,UKRAINE MEDITERRANEE,Ukraine
1328,6Z,UKS,Ukrainian Cargo Airways,CARGOTRANS,Ukraine
1329,OL,ULS,Ultra Air,AIR ULTRA,Colombia
1330,5X,UPS,United Parcel Service,UPS,United States
1332,BS,UBG,US-Bangla Airlines,BANGLA STAR,Bangladesh
1333,UH,USH,US Helicopter,US-HELI,United States
1334,QU,UTN,UTair-Ukraine,UT Ukraine,Ukraine
1335,UT,UTA,UTair Aviation,UTAIR,Russia
1336,HY,UZB,Uzbekistan Airways,UZBEK,Uzbekistan
1337,PS,AUI,Ukraine International Airlines,UKRAINE INTERNATIONAL,Ukraine
1338,JW,VNL,Vanilla Air,VANILLA,Japan
1339,VU,VAG,Vietravel Airlines,VIETRAVEL AIR,Vietnam
1341,VA,VOZ,Virgin Australia,VELOCITY,Australia
1342,VF,VLU,Valuair,VALUAIR,Singapore
1343,J7,VJA,ValuJet Airlines,CRITTER,United States
1344,0V,VFC,Vietnam Air Services Company(VASCO),VASCO AIR,Vietnam
1345,VC,VAL,Voyageur Airways,VOYAGEUR,Canada
1346,VN,HVN,Vietnam Airlines,VIET NAM,Vietnam
1347,NN,MOV,VIM Airlines,MOV AIR,Russia
1348,Y4,VOI,Volaris,VOLARIS,Mexico
1349,VI,VDA,Volga-Dnepr Airlines,VOLGA,Russia
1350,VX,VRD,Virgin America,REDWOOD,United States
1351,VJ,VJC,Vietjet Air,VIETJET,Vietnam
1352,V4,VES,Vieques Air Link,VIEQUES,United States
1353,TV,VEX,Virgin Express,VIRGIN EXPRESS,Belgium
1354,VK,VGN,Virgin Nigeria Airways,VIRGIN NIGERIA,Nigeria
1355,VS,VIR,Virgin Atlantic,VIRGIN,United Kingdom
1356,ZG,VVM,Viva Macau,JACKPOT,Macao
1357,VE,VLE,C.A.I. Second,VOLA,Italy
1358,VY,VLG,Vueling Airlines,VUELING,Spain
1359,XF,VLK,Vladivostok Air,VLADAIR,Russia
1360,LC,VLO,Varig Logistica,VELOG,Brazil
1361,VM,VOA,Viaggio Air,VIAGGIO,Bulgaria
1363,RG,VRN,Varig,VARIG,Brazil
1364,VH,VVC,Viva Air Colombia,Viva Air Colombia,Colombia
1365,VP,VSP,VASP,VASP,Brazil
1366,V7,VOE,Volotea,VOLOTEA,Spain
1367,VG,VLM,VLM Airlines,RUBENS,Belgium
1368,G6,WLG,Air Volga,GOUMRAK,Russia
1369,UK,VTI,Vistara,Vistara,India
1370,WD,WDL,WDL Aviation,WDL,Germany
1371,WT,WSG,Wasaya Airways,WASAYA,Canada
1372,WH,WEB,WebJet Linhas Aereas,WEB-BRASIL,Brazil
1373,2W,WLC,Welcome Air,WELCOMEAIR,Austria
1374,WZ,WSF,West African Airlines,,Benin
1375,PT,SWN,West Air Sweden,AIR SWEDEN,Sweden
1376,YH,WCW,West Caribbean Airways,WEST,Colombia
1377,8O,YWZ,West Coast Air,COAST AIR,Canada
1378,WS,WJA,WestJet,WESTJET,Canada
1379,ST*,STT,"Western Aircraft, Inc",SAWTOOTH,United States
1380,WA,WAL,Western Airlines,WESTERN,United States
1382,W7,KMR,Western Pacific Airlines,KOMSTAR,United States
1383,CN,WWD,Westward Airways,WESTWARD,United States
1384,WF,WIF,Widere,WIDEROE,Norway
1385,WC,WAA,Wien Air Alaska,WIEN,United States
1386,IV,JET,Wind Jet,GHIBLI,Italy
1387,7W,QGA,Windrose Air,QUADRIGA,Germany
1388,IW,WON,Wings Air,WINGS ABADI,Indonesia
1389,8Z,WVL,Wizz Air Bulgaria,WIZZBUL,Bulgaria
1390,W6,WZZ,Wizz Air,WIZZAIR,Hungary
1391,W4,WMT,Wizz Air Malta,WIZZ AIR MALTA,Malta
1392,W9,WUK,Wizz Air UK,WIZZ GO,United Kingdom
1393,WO,WOA,World Airways,WORLD,United States
1394,UI,CSW,SW Italia,SILKITALIA,Italy
1396,8V,WRF,Wright Air Service,WRIGHT FLYER,United States
1397,KW,WAN,Wataniya Airways,WATANIYA,Kuwait
1398,3W*,VNR,Wan Air,WANAIR,French Polynesia
1399,WR,WEN,WestJet Encore,ENCORE,Canada
1400,7A,XRC,Express Air Cargo,TUNISIA CARGO,Tunisia
1401,MF,CXA,Xiamen Airlines,XIAMEN AIR,China
1402,SE,SEU,XL Airways France,STARWAY,France
1403,XN,XAR,XpressAir,XPRESS,Indonesia
1404,YL,LLM,Yamal Airlines,YAMAL,Russia
1406,Y8,YZR,Suparna Airlines,YANGTZE RIVER,China
1407,Y0,EMJ,Yellow Air Taxi/Friendship Airways,,United States
1408,IY,IYE,Yemenia,YEMENI,Yemen
1409,YT,NYT,Yeti Airlines,YETI AIRLINES,Nepal
1410,4Y,TUD,Yute Air Alaska,TUNDRA,United States
1411,2N,UMK,Yuzhmashavia,YUZMASH,Ukraine
1412,C4,IMX,Zimex Aviation,ZIMEX,Switzerland
1413,Q3,MBN,Zambian Airways,ZAMBIANA,Zambia
1414,3J,WZP,Zip,ZIPPER,Canada
1415,ZG,TZP,Zipair Tokyo,ZIPPY,Japan
1416,Z4,OOM,Zoom Airlines,ZOOM,Canada
