AirlineName,FlightCount
"Southwest Airlines",416
"Delta Air Lines",273
"American Airlines",240
"United Airlines",178
"JetBlue Airways",153
"Spirit Airlines",125
NetJets,73
"PSA Airlines",57
"Frontier Airlines",55
"Allegiant Air",50
"Air Canada Rouge",37
"Republic Airways",29
"Alaska Airlines, Inc.",28
"Mesa Airlines",25
"FedEx Express",21
"United Parcel Service",20
WestJet,17
"Atlantic Southeast Airlines",14
"Sun Country Airlines",13
"Silver Airways",13
"Air Transport International",12
"Envoy Air",12
"Endeavor Air",10
"Air Transat",9
"Atlas Air",8
"Caribbean Airlines",6
Swoop,6
"Azul Linhas Aereas Brasileiras",5
"Copa Airlines",5
Avianca,4
Bahamasair,4
"British Airways",3
"Cayman Airways",3
"Sierra National Airlines",3
"Swift Air(Interstate Equipment Leasing)",3
Lufthansa,2
Eurowings,2
"LATAM Chile",2
"Pacific Airlines",2
"Air Mobility Command",2
"Sharp Airlines",2
"Sunwing Airlines",2
"Emirates Airlines",2
"ABX Air",1
Interjet,1
"Miami Air International",1
"BA CityFlyer",1
"Condor Flugdienst",1
"Coast Air",1
"Edelweiss Air",1
"Sun Air International",1
"Formosa Airlines",1
"GoJet Airlines",1
"NetJets Europe",1
"Norwegian Air UK",1
"Pamir Airways",1
"Aer Arann",1
"SAM Colombia",1
"SkyWest Airlines",1
flyADVANCED,1
"Aerolink Uganda",1
"Ansett Australia",0
"Abelag Aviation",0
AmericanConnection[8],0
"Aigle Azur",0
"Air Atlantique",0
"Aloha Air Cargo",0
"Air Alma",0
"Amsterdam Airlines",0
"Air Alliance",0
"Asiana Airlines",0
"Askari Aviation",0
"Austrian Airtransport",0
"Allied Airways",0
"Asian Air",0
"Air Atlanta Icelandic",0
Abakan-Avia,0
"Abaete Linhas Aereas",0
"Air Busan",0
"Air Albania",0
Airblue,0
"ASL Airlines Ireland",0
"Transwest  Air",0
"Antrak Air",0
"AirBridge Cargo",0
"Air Arabia",0
"Air Canada",0
"Air Caledonie International",0
"Nantucket Airlines",0
"Itali Airlines",0
"Astral Aviation",0
"Aryan Cargo Express",0
"Air Cargo Germany",0
"Fly Arna",0
"ADC Airlines",0
Dominair,0
AIRDO,0
"Adria Airways",0
"Air Andaman",0
"Air Arabia Abu Dhabi",0
"Air Ceylon",0
"Air Europa",0
"Aero Benin",0
"Aegean Airlines",0
Aviaexpress,0
"Aero Costa Rica",0
"Air Europe Italy",0
"Aeroland Airways",0
"Alaska Central Express",0
"ACES Colombia",0
Astraeus,0
"Aerosvit Airlines",0
"Air Italy",0
"American Falcon",0
"Africa Airways",0
"Ariana Afghan Airlines",0
Africaone,0
"Alliance Air",0
Aeroflot,0
"Air France",0
"Afrinat International Airlines",0
"Africa World Airlines",0
"Airfreight Express",0
"Air Service Gabon",0
"Air Gabon",0
"Amadeus IT Group",0
"Air Glaciers",0
Aviogenex,0
"Air Alpha Greenland",0
"Air Hong Kong",0
Aeromist-Kharkiv,0
"Azerbaijan Airlines",0
Avies,0
"Airbus Industrie",0
"Air IndiaLimited",0
"Air Incheon",0
"Air Malawi",0
"Alpine Air Express",0
"Thai  AirAsia",0
"Arkia Israel Airlines",0
"Bar Harbor Airlines",0
"Air Jamaica",0
"Amerijet International",0
"Air Japan",0
"Akasa Air",0
"Air Kiribati",0
"Canadian North",0
"Air Nippon Network Co. Ltd.",0
"SriLankan Airlines",0
"Aeropostal Alas de Venezuela",0
"Hewa Bora Airways",0
"Deutsche Rettungsflugwacht",0
"Air Malta",0
"Air Maldives",0
"Air 2000",0
"ATA Airlines",0
"Air Macau",0
"AMC Airlines",0
"Armenia Airways",0
Aeromexico,0
"All Nippon Airways",0
"Servicios Aereos de los Andes",0
"Air Nostrum",0
"Air Niugini",0
"Air Nippon",0
Airnorth,0
"Andes Lineas Aereas",0
"Air North Charter- Canada",0
"Air New Zealand",0
AVCOM,0
"Aero VIP",0
"AOM French Airlines",0
"Asia Overnight Express",0
"Sabre Pacific",0
"Arrow Air",0
"Air Premia",0
"Aires, Aerovias de Integracion Regional, S.A.",0
"Aero Flight",0
"Aerolineas Argentinas",0
"Air Armenia",0
"Smartlynx Airlines",0
"Aruba Airlines",0
"Air Sinai",0
Airstars,0
"Air Serbia",0
"Air Seoul",0
"Astrakhan Airlines",0
"Air Tanzania",0
"Aero-Tropics Air Services",0
"Airlines of Tasmania",0
"Air Antwerp",0
"Austrian Airlines",0
"Augsburg Airways",0
"Presidential Flight",0
"Ukraine International Airlines",0
Nordavia,0
"Aurigny Air Services",0
Aus-Air,0
"Austral Lineas Aereas",0
"Australian Airlines",0
Avensa,0
"Air Vanuatu",0
"Titan  Airways",0
"America West Airlines",0
Animawings,0
"Air Wisconsin",0
"Indonesia AirAsia",0
Albawings,0
"Sylt Air GmbH",0
"Air Wales",0
"Air India Express",0
"Indochina Airlines",0
AirExplore,0
"Air Exel",0
AirAsia,0
"Axis Airways",0
"Atlant-Soyuz Airlines",0
Alitalia,0
"Arcus-Air Logistic",0
"Silk Way West Airlines",0
"Astra Airlines",0
"Linea Aerea Amaszonas",0
"Amaszonas Paraguay",0
"Silk Way Airlines",0
"Air Zimbabwe",0
"Aztec Worldwide Airlines",0
Dba,0
"Baker Aviation",0
"Belle Air Europe",0
"Bamboo Airways",0
"SwedJet Airways",0
"Biman Bangladesh Airlines",0
"Bluebird Nordic",0
Flybaboo,0
"Santa Barbara Airlines",0
"BB Airways",0
"BACH Flugbetriebsges",0
"Blue Islands",0
"British Caribbean Airways",0
"European Air Transport",0
CityJet,0
"Blue Dart Aviation",0
"Badr Airlines",0
Flybe,0
"Brussels Airlines",0
"Air Berlin",0
"Aero Services Executive",0
"Buffalo Airways",0
"Airbus Transport International",0
"Air Bangladesh",0
"BH Air",0
"Benin Golf Air",0
"Buddha Air",0
"Bristow Helicopters",0
"Belair Airlines",0
"Air Mediterranee",0
"British International Helicopters",0
"Atlantic Airlines",0
Bankair,0
"Bangkok Airways",0
"Blue Air",0
Blue1,0
"Bearskin Lake Air Service",0
"Bellview Airlines",0
"TUI  fly Nordic",0
BMI,0
Bmibaby,0
"Bemidji Airlines",0
"Bismillah Airlines",0
"Atlas Blue",0
"BMI Regional",0
"Braniff International Airways",0
"LAI - Linea Aerea IAACA",0
Bonza,0
2GO,0
"B&H Airlines",0
"Air Botswana",0
"Bouraq Indonesia Airlines",0
"Boliviana de Aviacion",0
Aerologic,0
"Blue Panorama Airlines",0
"BRA-Transportes Aereos",0
"Bering Air",0
Borajet,0
"El-Buraq Air Transport",0
"BA Connect",0
"BelaviaBelarusian Airlines",0
"Samara Airlines",0
"Guine Bissaur Airlines",0
"Big Sky Airlines",0
"BAL Bashkirian Airlines",0
"Air Baltic",0
"Batik Air",0
"Baltia Air Lines",0
"Boutique Air",0
"Batavia Air",0
"Bristow U.S. LLC",0
"Air Bourbon",0
"Bulgarian Air Charter",0
"UVT Aero",0
"Buryat Airlines Aircompany",0
"Berjaya Air",0
"Bellview Airlines, Sierra Leone",0
"Blue Wings",0
"Brit Air",0
"Corendon Airlines",0
"China Airlines",0
"Camai Air",0
"Civil Air Transport",0
"Calm Air",0
Comair,0
"China Northern Airlines",0
"Beijing Capital Airlines",0
"Air China",0
"Capital Cargo International Airlines",0
"Air Corsica",0
"Champion Air",0
"Central Charter",0
"Loong Air",0
"Shandong Airlines",0
"Canadian Airlines",0
"Aero Condor Peru",0
RegionsAir,0
"Cebu Pacific",0
"China Eastern Airlines",0
"Empire Airlines",0
"Chang An Airlines",0
"Cargo Plus Aviation",0
"West Air (China)",0
Chitaavia,0
"Hainan Airlines",0
"Chalks International Airlines",0
Aviacsa,0
"Chautauqua Airlines",0
"Cimber Sterling",0
"Cinnamon Air",0
"Arctic Circle Air Service",0
"Cielos Airlines",0
"City Connexion Airlines",0
CanJet,0
"Colgan Air",0
"Cargojet Airways",0
"China Cargo Airlines",0
"Kalitta Air",0
"Lufthansa CityLine",0
Clickair,0
"Cargo Logic Air",0
Cargolux,0
"CMA-CGM AIRCARGO",0
"Continental Micronesia",0
"Calima Aviacion",0
"Aero Continente Dominicana",0
"SAS Braathens",0
"China Northwest Airlines",0
"Continental Airlines",0
"Coyne Aviation",0
"Cosmic Air",0
"Cathay Pacific",0
"Canadian Pacific Airlines",0
"Caspian Airlines",0
"Compass Airlines",0
"Spring Airlines",0
"Chongqing Airlines",0
Camair-Co,0
"Air Corridor",0
"Air Central",0
Cargoitalia,0
"Hong Kong Airlines",0
Corsairfly,0
"Cambrian Airways",0
"Czech Airlines",0
"Sichuan Airlines",0
"Shanghai Airlines",0
"China Southern Airlines",0
"IBC Airways",0
"SF Airlines",0
"Chari Aviation Services",0
"SW Italia",0
"Shenzhen Airlines",0
"Croatia Airlines",0
"China United Airlines",0
"Cubana de Aviacion",0
"Air Chathams",0
Centre-Avia,0
"Canadian Western Airlines",0
"Centurion Air Cargo",0
"Comores Airlines",0
"Air Marshall Islands",0
"Xiamen Airlines",0
"China Xinhua Airlines",0
"Corendon Airlines Europe",0
"Boston-Maine Airways",0
AccessAir,0
"Tel Aviv Air",0
"China Yunnan Airlines",0
"Cyprus Airways",0
"China Postal Airlines",0
"Dagestan Airlines",0
"Air Algerie",0
"Maersk Air",0
"Daallo Airlines",0
"Lynx Air",0
Dauair,0
"Danish Air Lines",0
"Adam Air",0
"DHL Air Limited",0
"Astar Air Cargo",0
"DHL International",0
"Dirgantara Air Service",0
"Antinea Airlines",0
"Juneyao Airlines",0
"Air Dolomiti",0
"Domodedovo Airlines",0
"Denim Air",0
Donavia,0
"Dominicana de Aviacion",0
"Maldivian (airline)",0
"Air Madrid",0
"Druk Air",0
"Alrosa Air Company",0
"LATAM Argentina",0
"DAS Air Cargo",0
"TAAG Angola Airlines",0
"Tassili  Airlines",0
"DAT Danish Air Transport",0
"Discovery Airways",0
"Darwin Airline",0
"California Pacific Airlines",0
"European Aviation Air Charter",0
"Eagle Airways",0
"Emerald Airlines",0
"Eastern Air Lines",0
"Eastern Australia Airlines",0
"Aero Airlines",0
"Eurocypria Airlines",0
"Crossair Europe",0
"Air City",0
"Fly All Ways",0
"Empresa Ecuatoriana De Aviacion",0
Eurofly,0
"American Eagle Airlines",0
"Eagle Air",0
"Evergreen International Airlines",0
"Aer Lingus",0
"easyJet Europe",0
"Eastland Air",0
Ellinair,0
"Alpi Eagles",0
"Estonian Air",0
Eurolot,0
"El Al Israel Airlines",0
"Yellow Air Taxi/Friendship Airways",0
"Euromanx Airways",0
EnkorJSC,0
"Enter Air",0
"Aero K",0
"Air Sao Tome and Principe",0
"Sun DOr",0
"Eritrean Airlines",0
"Estafeta Carga Aerea",0
SkyEurope,0
"Russian Sky Airlines",0
"Eastar Jet",0
"Eos Airlines",0
"African Transport Trading and Investment Company",0
"Etihad Airways",0
"Ethiopian Airlines",0
EUjet,0
"Aer Lingus UK",0
"EVA Air",0
"Exploits Valley Air Services",0
"Eurowings Europe",0
"Ewa Air",0
"Execair Aviation",0
"Executive Airlines",0
"Sunshine Express Airlines",0
"Island Air Express",0
Jet2.com,0
FitsAir,0
"Philippines AirAsia",0
"Eastern Airways",0
"easyJet Switzerland",0
"Eagle Express Air Charter",0
"easyJet UK",0
"First Air",0
"Air Fiji",0
Flybondi,0
"First Choice Airways",0
"Florida Coastal Airlines",0
"Fuji Dream Airlines",0
Flydubai,0
"Far Eastern Air Transport",0
FlyEgypt,0
"Fly Easy",0
Firefly,0
"Fischer Air",0
"Fly Georgia",0
Hello,0
"Freebird Airlines",0
FlyOne,0
"FlyOne Armenia",0
"Air Finland",0
Finnair,0
"Fiji Airways",0
"Fly Jinnah",0
"Fly Jamaica Airways",0
"Air Florida",0
"Flair Airlines",0
"Pinnacle Airlines",0
"Atlantic Airways",0
"Fly Air",0
Flightline,0
"Fly Me Sweden",0
"Aero Leasing",0
"Finalair Congo",0
"Freedom Air",0
Flyr,0
"Europe Airpost",0
Play,0
FlyPelican,0
"Four Star Aviation/Four Star Cargo",0
"Faso Airways",0
"Frontier Flying Service",0
"Futura International Airways",0
FlyViking,0
"Interstate Airlines",0
"Air Caraibes",0
"Florida West International Airways",0
"Air Iceland",0
"Flyhy Cargo Airlines",0
"Moskovia Airlines",0
"Galaxy Air",0
"Golden Air",0
"Air Philippines",0
"GB Airways",0
"Gemini Air Cargo",0
"Tianjin  Airlines",0
"Lufthansa Cargo",0
"Gulf Air",0
"Georgian National Airlines",0
"Caribbean Star Airlines",0
"Cargo 360",0
"Air Georgian",0
"Ghana Airways",0
"Ghana International Airlines",0
"Garuda Indonesia",0
"Guinee Airlines",0
"Air Guinee Express",0
"Great Lakes Airlines",0
"Avianca Ecuador",0
"Gol Transportes Aereos",0
"Globus Airlines",0
"Central Mountain Air",0
"GMG Airlines",0
Germania,0
"Golden Myanmar Airlines",0
"Gandalf Airlines",0
"Gambia International Airlines",0
"Amber Air",0
"Gonini Air Services",0
GoAir,0
"Tradewind Aviation",0
"Air Georgia",0
"Air Greenland",0
"Rio Grande Air",0
Allegro,0
Flyglobespan,0
"Chair Airlines",0
"Gujarat Airways",0
"Grant Aviation",0
"Air Guyane Express",0
Germanwings,0
"Great Wall Airlines",0
Gazpromavia,0
"Air dAyiti",0
"Hageland Aviation Services",0
"Air Comores International",0
"Hawaiian Airlines",0
"Haiti Ambassador Airlines",0
"Harbor Airlines",0
"Holidays Czech Airlines",0
"Star1 Airlines",0
"Helios Airways",0
"Cathay Dragon",0
"Hellas Jet",0
HexAir,0
"Hi Fly",0
"Greater Bay Airlines",0
"Fika Salaama Airlines",0
"Hamburg International",0
"Hahn Air",0
"Himalaya Airlines",0
"Superior Aviation",0
"Hong Kong Air Cargo",0
"Hong Kong Express Airways",0
Hapagfly,0
"Air Holland",0
"Hapag-Lloyd Express",0
"Harmony Airways",0
"Hola Airlines",0
Hop!,0
"Pearl Airways",0
"Royal Tongan Airlines",0
"East African Safari Air",0
Helitrans,0
"Hongtu Airlines",0
"Vietnam Airlines",0
"Heavylift Cargo Airlines",0
"China Express Airlines",0
"Horizon Airlines",0
"Air Horizon",0
"Indonesian Airlines",0
"Indian Airlines",0
"AirAsia India",0
"Iliamna Air Taxi",0
"Iraqi Airways",0
"Binter Canarias",0
"Iberia Airlines",0
"Norwegian Air International",0
"IBL Aviation",0
"Iberia Express",0
"Indigo Airlines",0
"Ibex Airlines",0
"International Business Air",0
Icelandair,0
"Challenge Airlines IL",0
"Intercontinental de Aviacion",0
"Cargolux Italia",0
"Independence Air",0
Skytaxi,0
IndiGo,0
"Inter Island Airways",0
"Itek Air",0
"Interair South Africa",0
"Zimex Aviation",0
"IndiaOne Air",0
"Independent Carrier (ICAR)",0
"Iran Air",0
"Iran Aseman Airlines",0
"Kish Air",0
"Mahan Air",0
"Club Air",0
Intersky,0
Israir,0
Meridiana,0
"Islena De Inversiones",0
"Islas Airways",0
"Interlink Airlines",0
"ITA Airways",0
Iberworld,0
"InterCaribbean Airways",0
Yemenia,0
Izair,0
"Japan Asia Airways",0
"Air Bagan",0
"Japan Air Commuter",0
"Jade Cargo International",0
"TUI  fly Belgium",0
"Jet Airways",0
"Japan Airlines",0
JetSMART,0
"Jordan Aviation",0
JALways,0
Helijet,0
"Jordan International Air Cargo",0
Jetclub,0
"OLT Express",0
"Jett8 Airlines Cargo",0
"Wind Jet",0
"Lagun Air",0
"JAL Express",0
JetsGo,0
"Jeju Air",0
"Jetstar Japan",0
Spanair,0
"Jetstar Hong Kong Airways",0
"JMC Airlines",0
"Jin Air",0
"Atyrau Air Ways",0
"DHL de Guatemala",0
"Jetstar Asia Airways",0
Jetstar,0
"JSX (airline)",0
"Japan Transocean Air",0
Jettime,0
"Jatayu Airlines",0
"Jubba Airways",0
"USA Jet Airlines",0
"JetX Airlines",0
"Air Canada Jazz",0
"Jazeera Airways",0
"Kuwait Airways",0
KaiserAir,0
"Korean Air",0
"Cape Air",0
Ikar,0
"KC International Airlines",0
"Keystone Air Service",0
CemAir,0
"Kenmore Air",0
"Keewatin Air",0
"Key Airlines",0
"Kelowna Flightcraft Air Charter",0
"Kingfisher Airlines",0
"Kalitta Charters",0
"Kyrgyzstan Airlines",0
"Kogalymavia Air Company",0
"Kyrgyz Airlines",0
"Kitty Hawk Aircargo",0
Dalavia,0
"Kitty Hawk Airways",0
"Kharkiv Airlines",0
"Khors Aircompany",0
"Angkor Air",0
"Kiwi International Air Lines",0
"Kalitta Charters II",0
"Kuban Airlines",0
"Krasnojarsky Airlines",0
Atlasjet,0
"Air Lithuania",0
"KLM Cityhopper",0
KLM,0
"Kalstar Aviation",0
"Cambodia Airways",0
"Kam Air",0
"Kampuchea Airlines",0
"Western Pacific Airlines",0
Komiinteravia,0
"Kunming Airlines",0
Flynas,0
"KD Avia",0
"Knighthawk Air Express",0
"Air Koryo",0
"Kunpeng Airlines",0
"Kenya Airways",0
"Krylo Airlines",0
Carpatair,0
"Sky Lease Cargo",0
"Cyprus Turkish Airlines",0
"Air Astana",0
"Kuzu Airlines Cargo",0
"Khalifa Airways",0
"Libyan Arab Airlines",0
"L.A.B. Flying Service",0
"British Mediterranean Airways",0
"Linhas Aereas de Mocambique",0
"Lao Airlines",0
"LATAM Paraguay",0
"Lebanese Air Transport",0
AlbaStar,0
"Balkan Bulgarian Airlines",0
"Albanian Airlines",0
"Nouvel Air Tunisie",0
"Lineas Aereas Azteca",0
"LATAM Cargo Chile",0
"TAR Aerolineas",0
"Lauda Air",0
LaudaMotion,0
"Air Costa",0
"Linea Aerea de Servicio Ejecutivo Regional",0
"Air Alfa",0
Luxair,0
"German Airways",0
"Express One International",0
"City Airlines",0
"Leeward Islands Air Transport",0
"Air Liberte",0
Alidaunia,0
FlyLal,0
Lankair,0
"Lloyd Aereo Boliviano",0
"Small Planet Airlines",0
"Yamal Airlines",0
"Air India Regional",0
"AlMasria Universal Airlines",0
Aerolane,0
"Lion Air",0
Airlink,0
"Linea Aerea SAPSA",0
"Trans States Airlines",0
Loganair,0
"LOT Polish Airlines",0
"Air Leap",0
"LATAM Peru",0
"Laoag International Airlines",0
"Lineas Aereas Privadas Argentinas",0
"Air Alps Aviation",0
LACSA,0
Sansa,0
"LTE International Airways",0
"LTU Austria",0
Lufttransport,0
"LTU International",0
"Atlantis European Airways",0
"Livingston Energy Flight",0
Level,0
"Libyan Wings",0
"Air Luxor GB",0
"LATAM Express",0
"Air Luxor",0
"Lynden Air Cargo",0
"Key Lime Air",0
"Air Kyrgyzstan",0
"Bulgaria Air",0
MasAir,0
"Air Arabia Maroc",0
"Malev Hungarian Airlines",0
"MAT Macedonian Airlines",0
"Malaysia Airlines",0
"Air Mauritius",0
"Zambian Airways",0
"Avianca Argentina",0
"Macair Airlines",0
"Mandarin Airlines",0
"Air Madagascar",0
"Mandala Airlines",0
"Moldavian Airlines",0
"Midway Airlines (19932003)",0
"Middle East Airlines",0
"Midwest Airlines",0
"Mesaba Airlines",0
"MIAT Mongolian Airlines",0
"Montenegro Airlines",0
"Air Memphis",0
"MHS Aviation GmbH",0
"Royal Air Force of Oman",0
"Air Mekong",0
"Mekong Airlines",0
"40-Mile Air",0
"Air Moldova",0
"Air Mali",0
"Mihin Lanka",0
Maleth-Aero,0
"Myanmar Airways International",0
"Hunnu Air",0
"EuroAtlantic Airways",0
"Merpati Nusantara Airlines",0
"MNG Airlines",0
"Air Montenegro",0
Menajet,0
Mango,0
"Montserrat Airways",0
"Monarch Airlines",0
"VIM Airlines",0
"Air Plus Comet",0
Martinair,0
"MAP-Management and Planung",0
Aeromexpress,0
MarkAir,0
"San Juan Airlines",0
"Air Mauritanie",0
"Mars RK",0
"Mistral Air",0
"Motor Sich Airlines",0
"Maersk Air UK",0
"Marsland Aviation",0
Egyptair,0
"Mountain Air Company",0
"Mokulele Airlines",0
"Mississippi Valley Airlines",0
Kavminvodyavia,0
"Mavial Magadan Airlines",0
"Midwest Airlines (Egypt)",0
MASwings,0
"Modern Transporte Aereo De Carga",0
"Mexicana de Aviacion",0
Mexicargo,0
"Malindo Airways",0
"Maxjet Airways",0
Maxair,0
"Breeze Airways",0
"Maya Island Air",0
Mayair,0
MYAirline,0
"MyTravel Airways",0
"Irtysh Air",0
"Mahfooz Aviation",0
"Norwegian Air Argentina",0
"Northern Air Cargo",0
"National Airways Ethiopia",0
"National Airlines",0
"Norwegian Air Norway",0
"North American Airlines",0
Nasair,0
"Albarka Air",0
"Norse Atlantic Airways",0
"Nippon Cargo Airlines",0
"T3 Aviation, Inc.",0
"National Air Cargo dba National Airlines",0
NokScoot,0
FlyNordic,0
"New England Airlines",0
"Nordeste Linhas Aereas Regionais",0
"North Flying",0
"Aero Contractors",0
"NAM Air",0
"Niger Airlines",0
"National Jet Systems",0
"Barents AirLink",0
"Norwegian Long Haul",0
Niki,0
"Air Namibia",0
"Pacific Wings",0
"Nok Air",0
Neos,0
"Nova Airways",0
"Norwegian Air Shuttle",0
"Nordic Regional",0
"Norwegian Air Sweden",0
NextJet,0
"Nationwide Airlines",0
"Avion Express",0
"Novo Air",0
Novair,0
"Northwest Airlines",0
"North-Wright Airways",0
"Northwest Regional Airlines",0
"Nordwind Airlines",0
"Yeti Airlines",0
"Mount Cook Airline",0
"Omni Air International",0
"Olympic Air",0
"Helvetic Airways",0
"Aserca Airlines",0
"OConnor Airlines",0
"Eurowings Discover",0
"Orient Thai Airlines",0
"Origin Pacific Airways",0
"Oasis Hong Kong Airlines",0
"Onur Air",0
"Slok Air Gambia",0
"Overland Airways",0
"OLT Express Germany",0
"Oman Air",0
SalamAir,0
"Avianca Brasil",0
"One Airlines",0
"Zoom Airlines",0
"Orenburg Airlines",0
"Sosoliso Airlines",0
"Open Skies Consultative Commission",0
OzJet,0
"Ozark Air Lines",0
"Virgin Australia Regional Airlines",0
"Pan American Airways",0
"Polar Air Cargo",0
"Piedmont Airlines (1948-1989)",0
"Philippine Airlines",0
"Polynesian Airlines",0
"PB Air",0
"Pacific Blue",0
"Air Burundi",0
"Pace Airlines",0
"Pacific Coastal Airlines",0
"Potomac Air",0
"Pacific East Asia Cargo Airlines",0
"Aeropelican Air Services",0
"Peninsula Airways",0
Peoples,0
"Proflight Zambia",0
Portugalia,0
"Perm Airlines",0
"Pegasus Airlines",0
"Pakistan International Airlines",0
"Jet Aviation",0
"Polynesian Blue",0
Aeroperu,0
"Pulkovo Aviation Enterprise",0
"Northwestern Air",0
Aeroflot-Plus,0
PMTair,0
"Paramount Airways",0
"PAN Air",0
"Palestinian Airlines",0
"Porter Airlines",0
"Royal Phnom Penh Airways",0
"Precision Air",0
"Air Paradise International",0
"President Airlines",0
"Passaredo Transportes Aereos",0
"Pantanal Linhas Aereas",0
"Palau Trans Pacific Airlines",0
PLUNA,0
"Privilege Style Lineas Aereas",0
"Peruvian Airlines",0
"Fly Pro",0
"PAWA Dominicana",0
"Private Wings Flugcharter",0
"Sky Trek International Airlines",0
"Air Class Lineas Aereas",0
Qantas,0
"Windrose Air",0
QantasLink,0
"Kabo Air",0
"African Safari Airways",0
"Qatar Airways",0
"Horizon Air",0
Regional,0
"Royal Air Maroc",0
"Air Rarotonga",0
"Royal Brunei Airlines",0
"Air Arabia Egypt",0
"Airbus France",0
"Vision Airlines",0
FaroeJet,0
"Skyview Airways",0
"Reem Air",0
"Regional Paraguaya",0
"Air Austral",0
"Royal Air Force",0
"Regent Airways",0
"Regional Air Lines",0
"Redhill Aviation",0
"Rio Linhas Aereas",0
"Asian Spirit",0
"APG Airlines",0
"Royal Jordanian",0
"Royal Khmer Airlines",0
Airlinair,0
"Rico Linhas Aereas",0
"Air Nelson",0
"Aero Lanka",0
Go2Sky,0
"Armenian Airlines",0
"Air Mediterranean",0
"Raya Airways",0
"Nepal Airlines",0
"Air Salone",0
Armavia,0
"Reno Air",0
"Aeromar Lineas Aereas Dominicanas",0
"Our Airline",0
Tarom,0
AeroRepublica,0
"Republic Express Airlines",0
"Royal Airlines",0
"Air Sahara",0
"Air Sunshine",0
"Rio Sul Servicos Aereos Regionais",0
"Aero Asia International",0
Aero-Service,0
AeroSur,0
"Ryanair UK",0
"Air ACT",0
"Cirrus Airlines",0
"Northern Pacific Airways",0
"Rwandair Express",0
"Regional Express",0
"Ryan Air Services",0
"Royal Aruban Airlines",0
"Ryan International Airlines",0
Ryanair,0
"Buzz (Ryanair)",0
"SATA International",0
"South African Airways",0
"Sayakhat Airlines",0
"Shaheen Air",0
"Scandinavian Airlines",0
"SATA Air Acores",0
"S7 Airlines",0
"Air Srpska",0
SkyBahamas,0
"Seaborne Airlines",0
"St Barth Commuter",0
"CHC Airways",0
"Switfair Cargo",0
"Malmo Aviation",0
"Star Air (India)",0
Rossiya,0
"Air Santo Domingo",0
Sundair,0
"Island Express",0
Spicejet,0
"Star East Airline[de;fa;it;pl]",0
"Tunisair Express",0
"Sky Eyes",0
"Aero California",0
SAETA,0
"XL Airways France",0
"Air Seychelles",0
"Star Flyer",0
Safair,0
"Eastwind Airlines",0
"Sol del Paraguay",0
"Skagway Air Service",0
"Sakhalinskie Aviatrassy(SAT)",0
"Sky Airlines",0
"Singapore Airlines",0
Sibaviatrans,0
"Skynet Airlines",0
SITA,0
"SKS Airways",0
"Spring Airlines Japan",0
"Starlux Airlines",0
"Skybus Airlines",0
"SkyKing Turks and Caicos Airways",0
"SkyStar Airways",0
"Sky Airline",0
"Sky Regional Airlines",0
"Skyways Express",0
"Skymark Airlines",0
"Aeromexico Connect",0
SilkAir,0
"Slovak Airlines",0
"Surinam Airways",0
"Avient Aviation",0
"Sama Airlines",0
"Sterling Airlines",0
"Air Cargo Carriers",0
"Air Senegal International",0
"Solaseed Air",0
"Solomon Airlines",0
"Southern Airways",0
"Saratov Airlines Joint Stock Company",0
"Sat Airlines",0
"Air Service",0
"Air Saint Pierre",0
"Provincial Airlines",0
"Singapore Airlines Cargo",0
"SeaPort Airlines",0
SkyUp,0
"Siem Reap Airways",0
"Sky Work Airlines",0
"Swedline Express",0
Cebgo,0
"Star Air",0
"Severstal Air Company",0
"Sunstate Airlines",0
"Skyservice Airlines",0
"Lynx Aviation",0
"Stobart Air",0
"Western Aircraft, Inc",0
"Servicios de Transportes Aereos Fueguinos",0
"Sudan Airways",0
"Sun Air (Fiji)",0
"Sun Air of Scandinavia",0
Astair,0
Saudia,0
"Air Slovakia",0
"Ural Airlines",0
"Southern Winds Airlines",0
"West Air Sweden",0
"Swiss International Air Lines",0
"Swiss Global Air Lines",0
"Swe Fly",0
"Shovkoviy Shlyah",0
"Swazi Express Airways",0
"Skywise Airline",0
"Sunexpress Deutschland",0
SunExpress,0
"Aircompany Yakutia",0
"Syrian Arab Airlines",0
"Skywalk Airlines",0
"Samoa Air",0
"Air Senegal",0
TAME,0
"LATAM  Brasil",0
"Transportes Aereos Nacionales",0
Aeromar,0
"TAP  Portugal",0
Tunisair,0
"Thai  AirAsia X",0
"TNT  Airways",0
Transbrasil,0
"Tropical  Airways",0
"Timbis Air",0
"Shuttle America",0
"Thai  Air Cargo",0
"Air Turks and Caicos",0
TACV,0
"Thomas Cook Airlines",0
"Tandem  Aero",0
Tsaradia,0
"Transeuropean Airlines",0
"TezJet  Airlines",0
"TUI fly Netherlands",0
"Air Togo",0
"Tigerair Australia",0
"Satgur Air Transport",0
Scoot,0
"Georgian Airways",0
"Thai Airways International",0
"Thai Smile  Airways",0
"Air Tahiti Nui",0
"Turkish  Airlines",0
"TRIP Linhas Aereas",0
"Air Tindi",0
"Twin Jet",0
"Starlink Aviation",0
"Thai  Lion Mentari",0
"Tulip Air",0
"Teamline  Air",0
"Trans  Mediterranean Airlines",0
"Tri-MG Intra Asia Airlines",0
"Transports et Travaux  Aeriens de Madagascar",0
"Tasman Cargo Airlines",0
"TransAsia Airways",0
"Tiara Air",0
"Aerotransporte de Carga Union",0
"Tobruk Air",0
"Airlines PNG",0
"Tol-Air  Services",0
"TUI  Airways",0
"FlyGTA Airlines",0
"Tropic Air",0
"AirTanker Services",0
TAMPA,0
"Air Caledonie",0
"Taquan Air Services",0
"Transavia Holland",0
"AirTran Airways",0
"TransMeridian Airlines",0
"Trast Aero",0
"Transaero Airlines",0
"Thai Star Airlines",0
"Tigerair  Taiwan",0
"Turkmenistan Airlines",0
"Yute Air Alaska",0
"TUI fly Deutschland",0
"ABSA Cargo",0
Tuninter,0
"Transavia  France",0
"Thai  Vietjet Air",0
"Smartwings Hungary",0
"Smartwings Poland",0
"Smartwings Slovakia",0
"Tavrey  Airlines",0
Smartwings,0
"Trans World Airlines",0
"Tway Air",0
"air-taxi Europe",0
"Tailwind Airlines",0
"Avialeasing Aviation Company",0
"TransAVIAexport Airlines",0
NordStar,0
"Tyrolean  Airways",0
"Zipair Tokyo",0
"Myanma Airways",0
FlyErbil,0
"Bees Airline",0
"US-Bangla Airlines",0
CommutAir,0
"Aero-Charter Ukraine",0
DonbassAero,0
Dniproavia,0
"Air Uganda",0
"Uganda Airlines",0
"UNI Air",0
"UM Airlines",0
"Air Ukraine",0
"Ukrainian Cargo Airways",0
"Lviv Airlines",0
"Ultra Air",0
Yuzhmashavia,0
"Air Foyle",0
"Air Urga",0
"Turan Air",0
"US Helicopter",0
"UTair Aviation",0
UTair-Ukraine,0
"Alliance Airlines",0
"Cameroon Airlines",0
"Uzbekistan Airways",0
"Vietravel Airlines",0
"Voyageur Airways",0
"Phuket Air",0
"ATRAN Cargo Airlines",0
Fly2Sky,0
"Air Burkina",0
Conviasa,0
"Ocean Airlines",0
"Volga-Dnepr Airlines",0
"Vieques Air Link",0
"Virgin Express",0
"Vietnam Air Services Company(VASCO)",0
"Air Vegas",0
"Virgin Nigeria Airways",0
"Sabaidee Airways",0
"Air VIA",0
"Virgin Atlantic",0
"Aeroenlaces Nacionales",0
"ValuJet Airlines",0
"Vietjet Air",0
"C.A.I. Second",0
"Vueling Airlines",0
"Avolar Aerolineas",0
"Vladivostok Air",0
"VLM Airlines",0
"Varig Logistica",0
Valuair,0
"His Majesty King Maha Vajiralongkorn",0
"Vanilla Air",0
"Wan Air",0
Tbilaviamsheni,0
"Viaggio Air",0
Volotea,0
Volaris,0
"Virgin Australia",0
DanubeWings,0
"Virgin America",0
Varig,0
VASP,0
"Scat Air",0
"Air Tahiti",0
"Contour Airlines",0
Vistara,0
"Air Ivoire",0
"Viva Air Colombia",0
"Viva Macau",0
Avirex,0
"Avelo Airlines",0
"Wien Air Alaska",0
"AirAsia Japan",0
"Western Airlines",0
"Wataniya Airways",0
"Wizz Air Abu Dhabi",0
"Finncomm Airlines",0
"Primaris Airlines",0
"West Caribbean Airways",0
"WDL Aviation",0
"Chicago Jet Group",0
"WebJet Linhas Aereas",0
"WestJet Encore",0
Widere,0
"Aero Air",0
"Welcome Air",0
"Air Volga",0
"Wizz Air Malta",0
"World Airways",0
"Wings Air",0
"Air Southwest",0
"Wright Air Service",0
"West African Airlines",0
"Wasaya Airways",0
"Advanced Air",0
"Africa West",0
"Wizz Air UK",0
"Wizz Air Bulgaria",0
"Westward Airways",0
Zip,0
"Wizz Air",0
XpressAir,0
"AirAsia X",0
FlyAsianXpress,0
"Excel Airways",0
"Australian airExpress",0
"Express Air Cargo",0
"West Coast Air",0
"Suparna Airlines",0
"Airlink Zambia",0
